-- phpMyAdmin SQL Dump
-- version 4.8.5
-- https://www.phpmyadmin.net/
--
-- Host: localhost
-- Generation Time: Dec 11, 2020 at 02:09 PM
-- Server version: 10.1.40-MariaDB
-- PHP Version: 7.3.5

SET SQL_MODE = "NO_AUTO_VALUE_ON_ZERO";
SET AUTOCOMMIT = 0;
START TRANSACTION;
SET time_zone = "+00:00";


/*!40101 SET @OLD_CHARACTER_SET_CLIENT=@@CHARACTER_SET_CLIENT */;
/*!40101 SET @OLD_CHARACTER_SET_RESULTS=@@CHARACTER_SET_RESULTS */;
/*!40101 SET @OLD_COLLATION_CONNECTION=@@COLLATION_CONNECTION */;
/*!40101 SET NAMES utf8mb4 */;

--
-- Database: `monitoring_db`
--

-- --------------------------------------------------------

--
-- Table structure for table `barang`
--

CREATE TABLE `barang` (
  `id_barang` int(11) NOT NULL,
  `id_bluetooth` varchar(30) NOT NULL,
  `nama_barang` text NOT NULL,
  `merek_barang` varchar(30) NOT NULL,
  `nomor_inventaris` varchar(30) NOT NULL,
  `id_status` int(11) NOT NULL,
  `id_ruangan` int(11) NOT NULL
) ENGINE=InnoDB DEFAULT CHARSET=utf8mb4;

--
-- Dumping data for table `barang`
--

INSERT INTO `barang` (`id_barang`, `id_bluetooth`, `nama_barang`, `merek_barang`, `nomor_inventaris`, `id_status`, `id_ruangan`) VALUES
(1, 'ac:23:3f:26:09:44', 'Meja Meeting Modera Powell 240cm ', 'Modera', 'GOK1001', 1, 1),
(2, 'ac:23:3f:26:09:4f', 'Printer HP2135', 'HP2', 'GOK1002', 1, 1),
(3, 'ff:ff:c4:27:9d:38', 'Projector Infocus IN114', 'Infocus', 'GOK1003', 1, 1),
(4, 'ff:ff:c3:15:96:3d', 'AC Split Daikin 1/2 PK Thailand 389', 'Daikin', 'GOK1004', 1, 2),
(5, 'ff:ff:c4:27:9b:67', 'White Board 90 x 120 cm', 'White', 'GOK1005', 1, 1),
(6, 'ff:ff:a0:01:1e:8a', 'A. Kursi Meeting - Jasmine C111', 'Chitose', 'GOK1006', 1, 2),
(7, 'ff:ff:80:01:3c:15', 'B. Kursi Meeting  - Jasmine C111 ', 'Chitose', 'GOK1007', 1, 2),
(8, 'ff:ff:80:00:db:0d', 'C. Kursi Meeting - Jasmine C111', 'Chitose', 'GOK1008', 1, 2);

--
-- Triggers `barang`
--
DELIMITER $$
CREATE TRIGGER `log_delete_barang` AFTER DELETE ON `barang` FOR EACH ROW INSERT INTO log_barang SET id_barang=OLD.id_barang, id_bluetooth=OLD.id_bluetooth, nama_barang=OLD.nama_barang, merek_barang=OLD.merek_barang, nomor_inventaris=OLD.nomor_inventaris, id_status_new=OLD.id_status, id_status_old=OLD.id_status,id_ruangan_new=OLD.id_ruangan, id_ruangan_old=OLD.id_ruangan, waktu=CURRENT_TIMESTAMP, aksi="DELETE Data"
$$
DELIMITER ;
DELIMITER $$
CREATE TRIGGER `log_insert_barang` AFTER INSERT ON `barang` FOR EACH ROW INSERT INTO log_barang SET id_barang=NEW.id_barang, id_bluetooth=NEW.id_bluetooth, nama_barang=NEW.nama_barang, merek_barang=NEW.merek_barang, nomor_inventaris=NEW.nomor_inventaris, id_status_new=NEW.id_status, id_status_old=NEW.id_status,id_ruangan_new=NEW.id_ruangan, id_ruangan_old=NEW.id_ruangan, waktu=CURRENT_TIMESTAMP, aksi="INSERT Data"
$$
DELIMITER ;
DELIMITER $$
CREATE TRIGGER `log_update_barang` AFTER UPDATE ON `barang` FOR EACH ROW INSERT INTO log_barang SET id_barang=NEW.id_barang, id_bluetooth=NEW.id_bluetooth, nama_barang=NEW.nama_barang, merek_barang=NEW.merek_barang, nomor_inventaris=NEW.nomor_inventaris, id_status_new=NEW.id_status, id_status_old=OLD.id_status,id_ruangan_new=NEW.id_ruangan, id_ruangan_old=OLD.id_ruangan, waktu=CURRENT_TIMESTAMP, aksi="UPDATE Data"
$$
DELIMITER ;

-- --------------------------------------------------------

--
-- Table structure for table `device`
--

CREATE TABLE `device` (
  `id_device` int(11) NOT NULL,
  `nama_device` varchar(30) NOT NULL,
  `mac_address` varchar(30) NOT NULL
) ENGINE=InnoDB DEFAULT CHARSET=utf8mb4;

--
-- Dumping data for table `device`
--

INSERT INTO `device` (`id_device`, `nama_device`, `mac_address`) VALUES
(1, 'Raspberry Pi 3 B+', '00:1B:44:11:3A:B7'),
(2, 'Raspberry Pi 3 B+ Gudang', 'AA:1B:44:12:3A:B20'),
(4, 'Raspberry Pi 4 B+ Staff', 'AB:1D:44:12:3A:C55'),
(5, 'Raspberry Pi 3 B+ Loby', '01:1B:44:11:3A:C26');

-- --------------------------------------------------------

--
-- Table structure for table `log_barang`
--

CREATE TABLE `log_barang` (
  `id_log_barang` int(11) NOT NULL,
  `id_barang` int(11) NOT NULL,
  `id_bluetooth` varchar(30) NOT NULL,
  `nama_barang` text NOT NULL,
  `merek_barang` varchar(30) NOT NULL,
  `nomor_inventaris` varchar(30) NOT NULL,
  `id_status_new` int(11) NOT NULL,
  `id_status_old` int(11) NOT NULL,
  `id_ruangan_new` int(11) NOT NULL,
  `id_ruangan_old` int(11) NOT NULL,
  `waktu` datetime NOT NULL,
  `aksi` varchar(30) NOT NULL
) ENGINE=InnoDB DEFAULT CHARSET=utf8mb4;

--
-- Dumping data for table `log_barang`
--

INSERT INTO `log_barang` (`id_log_barang`, `id_barang`, `id_bluetooth`, `nama_barang`, `merek_barang`, `nomor_inventaris`, `id_status_new`, `id_status_old`, `id_ruangan_new`, `id_ruangan_old`, `waktu`, `aksi`) VALUES
(51, 8, 'ff:ff:80:00:db:0d', 'C. Kursi Meeting - Jasmine C111', 'Chitose', 'GOK1008', 2, 4, 2, 2, '2020-10-10 13:39:22', 'UPDATE Data'),
(52, 30, 'ac:23:3f:26:09:45', 'White Board', 'RedLion', 'GOK1009', 1, 1, 1, 1, '2020-10-29 07:33:37', 'INSERT Data'),
(53, 30, 'ac:23:3f:26:09:45', 'White Board', 'RedLion', 'GOK1009', 1, 1, 1, 1, '2020-10-29 07:35:28', 'UPDATE Data'),
(54, 30, 'ac:23:3f:26:09:45', 'White Board', 'RedLion', 'GOK1009', 1, 1, 1, 1, '2020-10-29 07:37:28', 'DELETE Data'),
(55, 8, 'ff:ff:80:00:db:0d', 'C. Kursi Meeting - Jasmine C111', 'Chitose', 'GOK1008', 2, 2, 1, 2, '2020-10-29 10:37:52', 'UPDATE Data'),
(56, 8, 'ff:ff:80:00:db:0d', 'C. Kursi Meeting - Jasmine C111', 'Chitose', 'GOK1008', 2, 2, 1, 1, '2020-10-29 10:39:35', 'UPDATE Data'),
(57, 8, 'ff:ff:80:00:db:0d', 'C. Kursi Meeting - Jasmine C111', 'Chitose', 'GOK1008', 2, 2, 1, 1, '2020-10-29 10:43:34', 'UPDATE Data'),
(58, 8, 'ff:ff:80:00:db:0d', 'C. Kursi Meeting - Jasmine C111', 'Chitose', 'GOK1008', 2, 2, 1, 1, '2020-10-29 10:44:34', 'UPDATE Data'),
(59, 8, 'ff:ff:80:00:db:0d', 'C. Kursi Meeting - Jasmine C111', 'Chitose', 'GOK1008', 2, 2, 1, 1, '2020-10-29 10:45:34', 'UPDATE Data'),
(60, 8, 'ff:ff:80:00:db:0d', 'C. Kursi Meeting - Jasmine C111', 'Chitose', 'GOK1008', 2, 2, 1, 1, '2020-10-29 10:46:33', 'UPDATE Data'),
(61, 8, 'ff:ff:80:00:db:0d', 'C. Kursi Meeting - Jasmine C111', 'Chitose', 'GOK1008', 4, 2, 1, 1, '2020-11-08 19:36:33', 'UPDATE Data'),
(62, 8, 'ff:ff:80:00:db:0d', 'C. Kursi Meeting - Jasmine C111', 'Chitose', 'GOK1008', 4, 4, 2, 1, '2020-11-08 19:38:01', 'UPDATE Data'),
(63, 1, 'ac:23:3f:26:09:44', 'Meja Meeting Modera Powell 240cm ', 'Modera', 'GOK1001', 1, 1, 2, 1, '2020-11-17 23:45:02', 'UPDATE Data'),
(64, 2, 'ac:23:3f:26:09:4f', 'Printer HP2135', 'HP2', 'GOK1002', 1, 1, 2, 1, '2020-11-17 23:45:02', 'UPDATE Data'),
(65, 3, 'ff:ff:c4:27:9d:38', 'Projector Infocus IN114', 'Infocus', 'GOK1003', 1, 1, 2, 1, '2020-11-17 23:45:03', 'UPDATE Data'),
(66, 4, 'ff:ff:c3:15:96:3d', 'AC Split Daikin 1/2 PK Thailand 389', 'Daikin', 'GOK1004', 1, 1, 2, 1, '2020-11-17 23:45:03', 'UPDATE Data'),
(67, 5, 'ff:ff:c4:27:9b:67', 'White Board 90 x 120 cm', 'White', 'GOK1005', 1, 1, 2, 1, '2020-11-17 23:45:03', 'UPDATE Data'),
(68, 1, 'ac:23:3f:26:09:44', 'Meja Meeting Modera Powell 240cm ', 'Modera', 'GOK1001', 1, 1, 1, 2, '2020-11-17 23:45:32', 'UPDATE Data'),
(69, 2, 'ac:23:3f:26:09:4f', 'Printer HP2135', 'HP2', 'GOK1002', 1, 1, 1, 2, '2020-11-17 23:45:32', 'UPDATE Data'),
(70, 4, 'ff:ff:c3:15:96:3d', 'AC Split Daikin 1/2 PK Thailand 389', 'Daikin', 'GOK1004', 1, 1, 1, 2, '2020-11-17 23:45:33', 'UPDATE Data'),
(71, 5, 'ff:ff:c4:27:9b:67', 'White Board 90 x 120 cm', 'White', 'GOK1005', 1, 1, 1, 2, '2020-11-17 23:45:33', 'UPDATE Data'),
(72, 3, 'ff:ff:c4:27:9d:38', 'Projector Infocus IN114', 'Infocus', 'GOK1003', 1, 1, 1, 2, '2020-11-17 23:46:32', 'UPDATE Data'),
(73, 8, 'ff:ff:80:00:db:0d', 'C. Kursi Meeting - Jasmine C111', 'Chitose', 'GOK1008', 4, 4, 1, 2, '2020-11-21 15:42:19', 'UPDATE Data'),
(74, 8, 'ff:ff:80:00:db:0d', 'C. Kursi Meeting - Jasmine C111', 'Chitose', 'GOK1008', 4, 4, 1, 1, '2020-11-21 15:43:18', 'UPDATE Data'),
(75, 8, 'ff:ff:80:00:db:0d', 'C. Kursi Meeting - Jasmine C111', 'Chitose', 'GOK1008', 4, 4, 1, 1, '2020-11-21 15:44:18', 'UPDATE Data'),
(76, 4, 'ff:ff:c3:15:96:3d', 'AC Split Daikin 1/2 PK Thailand 389', 'Daikin', 'GOK1004', 2, 1, 1, 1, '2020-11-24 08:34:09', 'UPDATE Data'),
(77, 4, 'ff:ff:c3:15:96:3d', 'AC Split Daikin 1/2 PK Thailand 389', 'Daikin', 'GOK1004', 2, 2, 2, 1, '2020-11-24 15:12:39', 'UPDATE Data'),
(78, 4, 'ff:ff:c3:15:96:3d', 'AC Split Daikin 1/2 PK Thailand 389', 'Daikin', 'GOK1004', 4, 2, 2, 2, '2020-11-24 15:14:13', 'UPDATE Data'),
(79, 4, 'ff:ff:c3:15:96:3d', 'AC Split Daikin 1/2 PK Thailand 389', 'Daikin', 'GOK1004', 2, 4, 2, 2, '2020-11-24 15:15:01', 'UPDATE Data'),
(80, 4, 'ff:ff:c3:15:96:3d', 'AC Split Daikin 1/2 PK Thailand 389', 'Daikin', 'GOK1004', 5, 2, 2, 2, '2020-11-24 17:15:27', 'UPDATE Data'),
(81, 4, 'ff:ff:c3:15:96:3d', 'AC Split Daikin 1/2 PK Thailand 389', 'Daikin', 'GOK1004', 5, 5, 1, 2, '2020-12-10 01:56:30', 'UPDATE Data'),
(82, 4, 'ff:ff:c3:15:96:3d', 'AC Split Daikin 1/2 PK Thailand 389', 'Daikin', 'GOK1004', 5, 5, 1, 1, '2020-12-10 02:08:04', 'UPDATE Data'),
(83, 4, 'ff:ff:c3:15:96:3d', 'AC Split Daikin 1/2 PK Thailand 389', 'Daikin', 'GOK1004', 5, 5, 1, 1, '2020-12-10 02:08:33', 'UPDATE Data'),
(84, 4, 'ff:ff:c3:15:96:3d', 'AC Split Daikin 1/2 PK Thailand 389', 'Daikin', 'GOK1004', 5, 5, 1, 1, '2020-12-10 02:13:41', 'UPDATE Data'),
(85, 4, 'ff:ff:c3:15:96:3d', 'AC Split Daikin 1/2 PK Thailand 389', 'Daikin', 'GOK1004', 5, 5, 1, 1, '2020-12-10 02:47:12', 'UPDATE Data'),
(86, 4, 'ff:ff:c3:15:96:3d', 'AC Split Daikin 1/2 PK Thailand 389', 'Daikin', 'GOK1004', 5, 5, 1, 1, '2020-12-10 02:48:12', 'UPDATE Data'),
(87, 4, 'ff:ff:c3:15:96:3d', 'AC Split Daikin 1/2 PK Thailand 389', 'Daikin', 'GOK1004', 5, 5, 1, 1, '2020-12-10 02:49:12', 'UPDATE Data'),
(88, 8, 'ff:ff:80:00:db:0d', 'C. Kursi Meeting - Jasmine C111', 'Chitose', 'GOK1008', 1, 4, 1, 1, '2020-12-10 02:50:23', 'UPDATE Data'),
(89, 4, 'ff:ff:c3:15:96:3d', 'AC Split Daikin 1/2 PK Thailand 389', 'Daikin', 'GOK1004', 5, 5, 1, 1, '2020-12-10 02:51:12', 'UPDATE Data'),
(90, 4, 'ff:ff:c3:15:96:3d', 'AC Split Daikin 1/2 PK Thailand 389', 'Daikin', 'GOK1004', 5, 5, 1, 1, '2020-12-10 02:56:13', 'UPDATE Data'),
(91, 4, 'ff:ff:c3:15:96:3d', 'AC Split Daikin 1/2 PK Thailand 389', 'Daikin', 'GOK1004', 5, 5, 1, 1, '2020-12-10 02:56:26', 'UPDATE Data'),
(92, 4, 'ff:ff:c3:15:96:3d', 'AC Split Daikin 1/2 PK Thailand 389', 'Daikin', 'GOK1004', 5, 5, 1, 1, '2020-12-10 02:56:41', 'UPDATE Data'),
(93, 4, 'ff:ff:c3:15:96:3d', 'AC Split Daikin 1/2 PK Thailand 389', 'Daikin', 'GOK1004', 5, 5, 1, 1, '2020-12-10 02:57:13', 'UPDATE Data'),
(94, 4, 'ff:ff:c3:15:96:3d', 'AC Split Daikin 1/2 PK Thailand 389', 'Daikin', 'GOK1004', 5, 5, 1, 1, '2020-12-10 17:28:26', 'UPDATE Data'),
(95, 4, 'ff:ff:c3:15:96:3d', 'AC Split Daikin 1/2 PK Thailand 389', 'Daikin', 'GOK1004', 5, 5, 1, 1, '2020-12-10 17:29:14', 'UPDATE Data'),
(96, 4, 'ff:ff:c3:15:96:3d', 'AC Split Daikin 1/2 PK Thailand 389', 'Daikin', 'GOK1004', 5, 5, 1, 1, '2020-12-10 17:30:14', 'UPDATE Data'),
(97, 4, 'ff:ff:c3:15:96:3d', 'AC Split Daikin 1/2 PK Thailand 389', 'Daikin', 'GOK1004', 5, 5, 1, 1, '2020-12-10 17:31:14', 'UPDATE Data'),
(98, 4, 'ff:ff:c3:15:96:3d', 'AC Split Daikin 1/2 PK Thailand 389', 'Daikin', 'GOK1004', 5, 5, 1, 1, '2020-12-10 17:31:32', 'UPDATE Data'),
(99, 4, 'ff:ff:c3:15:96:3d', 'AC Split Daikin 1/2 PK Thailand 389', 'Daikin', 'GOK1004', 5, 5, 1, 1, '2020-12-10 17:32:13', 'UPDATE Data'),
(100, 4, 'ff:ff:c3:15:96:3d', 'AC Split Daikin 1/2 PK Thailand 389', 'Daikin', 'GOK1004', 5, 5, 1, 1, '2020-12-10 17:33:13', 'UPDATE Data'),
(101, 4, 'ff:ff:c3:15:96:3d', 'AC Split Daikin 1/2 PK Thailand 389', 'Daikin', 'GOK1004', 5, 5, 1, 1, '2020-12-10 17:33:14', 'UPDATE Data'),
(102, 4, 'ff:ff:c3:15:96:3d', 'AC Split Daikin 1/2 PK Thailand 389', 'Daikin', 'GOK1004', 5, 5, 1, 1, '2020-12-10 17:34:13', 'UPDATE Data'),
(103, 4, 'ff:ff:c3:15:96:3d', 'AC Split Daikin 1/2 PK Thailand 389', 'Daikin', 'GOK1004', 5, 5, 1, 1, '2020-12-10 17:34:13', 'UPDATE Data'),
(104, 1, 'ac:23:3f:26:09:44', 'Meja Meeting Modera Powell 240cm ', 'Modera', 'GOK1001', 1, 1, 2, 1, '2020-12-10 17:35:12', 'UPDATE Data'),
(105, 2, 'ac:23:3f:26:09:4f', 'Printer HP2135', 'HP2', 'GOK1002', 1, 1, 2, 1, '2020-12-10 17:35:12', 'UPDATE Data'),
(106, 4, 'ff:ff:c3:15:96:3d', 'AC Split Daikin 1/2 PK Thailand 389', 'Daikin', 'GOK1004', 5, 5, 1, 1, '2020-12-10 17:35:15', 'UPDATE Data'),
(107, 4, 'ff:ff:c3:15:96:3d', 'AC Split Daikin 1/2 PK Thailand 389', 'Daikin', 'GOK1004', 5, 5, 2, 1, '2020-12-10 17:36:12', 'UPDATE Data'),
(108, 1, 'ac:23:3f:26:09:44', 'Meja Meeting Modera Powell 240cm ', 'Modera', 'GOK1001', 1, 1, 1, 2, '2020-12-10 17:36:13', 'UPDATE Data'),
(109, 2, 'ac:23:3f:26:09:4f', 'Printer HP2135', 'HP2', 'GOK1002', 1, 1, 1, 2, '2020-12-10 17:36:14', 'UPDATE Data'),
(110, 4, 'ff:ff:c3:15:96:3d', 'AC Split Daikin 1/2 PK Thailand 389', 'Daikin', 'GOK1004', 5, 5, 1, 2, '2020-12-10 17:36:14', 'UPDATE Data'),
(111, 1, 'ac:23:3f:26:09:44', 'Meja Meeting Modera Powell 240cm ', 'Modera', 'GOK1001', 1, 1, 2, 1, '2020-12-10 17:37:12', 'UPDATE Data'),
(112, 2, 'ac:23:3f:26:09:4f', 'Printer HP2135', 'HP2', 'GOK1002', 1, 1, 2, 1, '2020-12-10 17:37:12', 'UPDATE Data'),
(113, 4, 'ff:ff:c3:15:96:3d', 'AC Split Daikin 1/2 PK Thailand 389', 'Daikin', 'GOK1004', 5, 5, 1, 1, '2020-12-10 17:37:14', 'UPDATE Data'),
(114, 4, 'ff:ff:c3:15:96:3d', 'AC Split Daikin 1/2 PK Thailand 389', 'Daikin', 'GOK1004', 5, 5, 2, 1, '2020-12-10 17:38:12', 'UPDATE Data'),
(115, 2, 'ac:23:3f:26:09:4f', 'Printer HP2135', 'HP2', 'GOK1002', 1, 1, 1, 2, '2020-12-10 17:38:15', 'UPDATE Data'),
(116, 4, 'ff:ff:c3:15:96:3d', 'AC Split Daikin 1/2 PK Thailand 389', 'Daikin', 'GOK1004', 5, 5, 1, 2, '2020-12-10 17:38:15', 'UPDATE Data'),
(117, 4, 'ff:ff:c3:15:96:3d', 'AC Split Daikin 1/2 PK Thailand 389', 'Daikin', 'GOK1004', 5, 5, 1, 1, '2020-12-10 17:39:13', 'UPDATE Data'),
(118, 2, 'ac:23:3f:26:09:4f', 'Printer HP2135', 'HP2', 'GOK1002', 1, 1, 2, 1, '2020-12-10 17:39:49', 'UPDATE Data'),
(119, 4, 'ff:ff:c3:15:96:3d', 'AC Split Daikin 1/2 PK Thailand 389', 'Daikin', 'GOK1004', 5, 5, 2, 1, '2020-12-10 17:39:49', 'UPDATE Data'),
(120, 2, 'ac:23:3f:26:09:4f', 'Printer HP2135', 'HP2', 'GOK1002', 1, 1, 1, 2, '2020-12-10 17:40:14', 'UPDATE Data'),
(121, 4, 'ff:ff:c3:15:96:3d', 'AC Split Daikin 1/2 PK Thailand 389', 'Daikin', 'GOK1004', 5, 5, 1, 2, '2020-12-10 17:40:15', 'UPDATE Data'),
(122, 2, 'ac:23:3f:26:09:4f', 'Printer HP2135', 'HP2', 'GOK1002', 1, 1, 2, 1, '2020-12-10 17:40:42', 'UPDATE Data'),
(123, 4, 'ff:ff:c3:15:96:3d', 'AC Split Daikin 1/2 PK Thailand 389', 'Daikin', 'GOK1004', 5, 5, 2, 1, '2020-12-10 17:40:42', 'UPDATE Data'),
(124, 4, 'ff:ff:c3:15:96:3d', 'AC Split Daikin 1/2 PK Thailand 389', 'Daikin', 'GOK1004', 5, 5, 2, 2, '2020-12-10 17:40:58', 'UPDATE Data'),
(125, 4, 'ff:ff:c3:15:96:3d', 'AC Split Daikin 1/2 PK Thailand 389', 'Daikin', 'GOK1004', 5, 5, 2, 2, '2020-12-10 17:41:13', 'UPDATE Data'),
(126, 2, 'ac:23:3f:26:09:4f', 'Printer HP2135', 'HP2', 'GOK1002', 1, 1, 1, 2, '2020-12-10 17:41:14', 'UPDATE Data'),
(127, 4, 'ff:ff:c3:15:96:3d', 'AC Split Daikin 1/2 PK Thailand 389', 'Daikin', 'GOK1004', 5, 5, 1, 2, '2020-12-10 17:41:14', 'UPDATE Data'),
(128, 2, 'ac:23:3f:26:09:4f', 'Printer HP2135', 'HP2', 'GOK1002', 1, 1, 2, 1, '2020-12-10 17:42:12', 'UPDATE Data'),
(129, 4, 'ff:ff:c3:15:96:3d', 'AC Split Daikin 1/2 PK Thailand 389', 'Daikin', 'GOK1004', 5, 5, 2, 1, '2020-12-10 17:42:12', 'UPDATE Data'),
(130, 4, 'ff:ff:c3:15:96:3d', 'AC Split Daikin 1/2 PK Thailand 389', 'Daikin', 'GOK1004', 5, 5, 1, 2, '2020-12-10 17:42:14', 'UPDATE Data'),
(131, 4, 'ff:ff:c3:15:96:3d', 'AC Split Daikin 1/2 PK Thailand 389', 'Daikin', 'GOK1004', 5, 5, 2, 1, '2020-12-10 17:43:12', 'UPDATE Data'),
(132, 2, 'ac:23:3f:26:09:4f', 'Printer HP2135', 'HP2', 'GOK1002', 1, 1, 1, 2, '2020-12-10 17:43:13', 'UPDATE Data'),
(133, 4, 'ff:ff:c3:15:96:3d', 'AC Split Daikin 1/2 PK Thailand 389', 'Daikin', 'GOK1004', 5, 5, 1, 2, '2020-12-10 17:43:14', 'UPDATE Data'),
(134, 2, 'ac:23:3f:26:09:4f', 'Printer HP2135', 'HP2', 'GOK1002', 1, 1, 2, 1, '2020-12-10 17:44:12', 'UPDATE Data'),
(135, 4, 'ff:ff:c3:15:96:3d', 'AC Split Daikin 1/2 PK Thailand 389', 'Daikin', 'GOK1004', 5, 5, 2, 1, '2020-12-10 17:44:12', 'UPDATE Data'),
(136, 4, 'ff:ff:c3:15:96:3d', 'AC Split Daikin 1/2 PK Thailand 389', 'Daikin', 'GOK1004', 5, 5, 1, 2, '2020-12-10 17:44:15', 'UPDATE Data'),
(137, 4, 'ff:ff:c3:15:96:3d', 'AC Split Daikin 1/2 PK Thailand 389', 'Daikin', 'GOK1004', 5, 5, 2, 1, '2020-12-10 17:45:12', 'UPDATE Data'),
(138, 2, 'ac:23:3f:26:09:4f', 'Printer HP2135', 'HP2', 'GOK1002', 1, 1, 1, 2, '2020-12-10 17:45:15', 'UPDATE Data'),
(139, 4, 'ff:ff:c3:15:96:3d', 'AC Split Daikin 1/2 PK Thailand 389', 'Daikin', 'GOK1004', 5, 5, 1, 2, '2020-12-10 17:45:16', 'UPDATE Data'),
(140, 2, 'ac:23:3f:26:09:4f', 'Printer HP2135', 'HP2', 'GOK1002', 1, 1, 2, 1, '2020-12-10 17:46:13', 'UPDATE Data'),
(141, 4, 'ff:ff:c3:15:96:3d', 'AC Split Daikin 1/2 PK Thailand 389', 'Daikin', 'GOK1004', 5, 5, 2, 1, '2020-12-10 17:46:14', 'UPDATE Data'),
(142, 4, 'ff:ff:c3:15:96:3d', 'AC Split Daikin 1/2 PK Thailand 389', 'Daikin', 'GOK1004', 5, 5, 1, 2, '2020-12-10 17:46:14', 'UPDATE Data'),
(143, 4, 'ff:ff:c3:15:96:3d', 'AC Split Daikin 1/2 PK Thailand 389', 'Daikin', 'GOK1004', 5, 5, 2, 1, '2020-12-10 17:47:13', 'UPDATE Data'),
(144, 2, 'ac:23:3f:26:09:4f', 'Printer HP2135', 'HP2', 'GOK1002', 1, 1, 1, 2, '2020-12-10 17:47:17', 'UPDATE Data'),
(145, 4, 'ff:ff:c3:15:96:3d', 'AC Split Daikin 1/2 PK Thailand 389', 'Daikin', 'GOK1004', 5, 5, 1, 2, '2020-12-10 17:47:17', 'UPDATE Data'),
(146, 2, 'ac:23:3f:26:09:4f', 'Printer HP2135', 'HP2', 'GOK1002', 1, 1, 2, 1, '2020-12-10 17:48:12', 'UPDATE Data'),
(147, 4, 'ff:ff:c3:15:96:3d', 'AC Split Daikin 1/2 PK Thailand 389', 'Daikin', 'GOK1004', 5, 5, 1, 1, '2020-12-10 17:48:14', 'UPDATE Data'),
(148, 2, 'ac:23:3f:26:09:4f', 'Printer HP2135', 'HP2', 'GOK1002', 1, 1, 1, 2, '2020-12-10 17:49:17', 'UPDATE Data'),
(149, 4, 'ff:ff:c3:15:96:3d', 'AC Split Daikin 1/2 PK Thailand 389', 'Daikin', 'GOK1004', 5, 5, 1, 1, '2020-12-10 17:49:17', 'UPDATE Data'),
(150, 2, 'ac:23:3f:26:09:4f', 'Printer HP2135', 'HP2', 'GOK1002', 1, 1, 2, 1, '2020-12-10 17:50:12', 'UPDATE Data'),
(151, 4, 'ff:ff:c3:15:96:3d', 'AC Split Daikin 1/2 PK Thailand 389', 'Daikin', 'GOK1004', 5, 5, 2, 1, '2020-12-10 17:50:12', 'UPDATE Data'),
(152, 4, 'ff:ff:c3:15:96:3d', 'AC Split Daikin 1/2 PK Thailand 389', 'Daikin', 'GOK1004', 5, 5, 1, 2, '2020-12-10 17:50:13', 'UPDATE Data'),
(153, 4, 'ff:ff:c3:15:96:3d', 'AC Split Daikin 1/2 PK Thailand 389', 'Daikin', 'GOK1004', 5, 5, 2, 1, '2020-12-10 17:51:13', 'UPDATE Data'),
(154, 2, 'ac:23:3f:26:09:4f', 'Printer HP2135', 'HP2', 'GOK1002', 1, 1, 1, 2, '2020-12-10 17:51:14', 'UPDATE Data'),
(155, 4, 'ff:ff:c3:15:96:3d', 'AC Split Daikin 1/2 PK Thailand 389', 'Daikin', 'GOK1004', 5, 5, 1, 2, '2020-12-10 17:51:14', 'UPDATE Data'),
(156, 2, 'ac:23:3f:26:09:4f', 'Printer HP2135', 'HP2', 'GOK1002', 1, 1, 2, 1, '2020-12-10 17:52:12', 'UPDATE Data'),
(157, 4, 'ff:ff:c3:15:96:3d', 'AC Split Daikin 1/2 PK Thailand 389', 'Daikin', 'GOK1004', 5, 5, 2, 1, '2020-12-10 17:52:12', 'UPDATE Data'),
(158, 4, 'ff:ff:c3:15:96:3d', 'AC Split Daikin 1/2 PK Thailand 389', 'Daikin', 'GOK1004', 5, 5, 1, 2, '2020-12-10 17:52:13', 'UPDATE Data'),
(159, 4, 'ff:ff:c3:15:96:3d', 'AC Split Daikin 1/2 PK Thailand 389', 'Daikin', 'GOK1004', 5, 5, 2, 1, '2020-12-10 17:53:12', 'UPDATE Data'),
(160, 2, 'ac:23:3f:26:09:4f', 'Printer HP2135', 'HP2', 'GOK1002', 1, 1, 1, 2, '2020-12-10 17:53:14', 'UPDATE Data'),
(161, 4, 'ff:ff:c3:15:96:3d', 'AC Split Daikin 1/2 PK Thailand 389', 'Daikin', 'GOK1004', 5, 5, 1, 2, '2020-12-10 17:53:14', 'UPDATE Data'),
(162, 2, 'ac:23:3f:26:09:4f', 'Printer HP2135', 'HP2', 'GOK1002', 1, 1, 2, 1, '2020-12-10 17:54:13', 'UPDATE Data'),
(163, 4, 'ff:ff:c3:15:96:3d', 'AC Split Daikin 1/2 PK Thailand 389', 'Daikin', 'GOK1004', 5, 5, 1, 1, '2020-12-10 17:54:13', 'UPDATE Data'),
(164, 4, 'ff:ff:c3:15:96:3d', 'AC Split Daikin 1/2 PK Thailand 389', 'Daikin', 'GOK1004', 5, 5, 2, 1, '2020-12-10 17:54:13', 'UPDATE Data'),
(165, 4, 'ff:ff:c3:15:96:3d', 'AC Split Daikin 1/2 PK Thailand 389', 'Daikin', 'GOK1004', 5, 5, 2, 2, '2020-12-10 17:55:12', 'UPDATE Data'),
(166, 2, 'ac:23:3f:26:09:4f', 'Printer HP2135', 'HP2', 'GOK1002', 1, 1, 1, 2, '2020-12-10 17:55:13', 'UPDATE Data'),
(167, 4, 'ff:ff:c3:15:96:3d', 'AC Split Daikin 1/2 PK Thailand 389', 'Daikin', 'GOK1004', 5, 5, 1, 2, '2020-12-10 17:55:13', 'UPDATE Data'),
(168, 2, 'ac:23:3f:26:09:4f', 'Printer HP2135', 'HP2', 'GOK1002', 1, 1, 2, 1, '2020-12-10 17:56:12', 'UPDATE Data'),
(169, 4, 'ff:ff:c3:15:96:3d', 'AC Split Daikin 1/2 PK Thailand 389', 'Daikin', 'GOK1004', 5, 5, 2, 1, '2020-12-10 17:56:12', 'UPDATE Data'),
(170, 4, 'ff:ff:c3:15:96:3d', 'AC Split Daikin 1/2 PK Thailand 389', 'Daikin', 'GOK1004', 5, 5, 1, 2, '2020-12-10 17:56:13', 'UPDATE Data'),
(171, 4, 'ff:ff:c3:15:96:3d', 'AC Split Daikin 1/2 PK Thailand 389', 'Daikin', 'GOK1004', 5, 5, 2, 1, '2020-12-10 17:57:13', 'UPDATE Data'),
(172, 2, 'ac:23:3f:26:09:4f', 'Printer HP2135', 'HP2', 'GOK1002', 1, 1, 1, 2, '2020-12-10 17:57:13', 'UPDATE Data'),
(173, 4, 'ff:ff:c3:15:96:3d', 'AC Split Daikin 1/2 PK Thailand 389', 'Daikin', 'GOK1004', 5, 5, 1, 2, '2020-12-10 17:57:14', 'UPDATE Data'),
(174, 2, 'ac:23:3f:26:09:4f', 'Printer HP2135', 'HP2', 'GOK1002', 1, 1, 2, 1, '2020-12-10 17:58:13', 'UPDATE Data'),
(175, 4, 'ff:ff:c3:15:96:3d', 'AC Split Daikin 1/2 PK Thailand 389', 'Daikin', 'GOK1004', 5, 5, 2, 1, '2020-12-10 17:58:13', 'UPDATE Data'),
(176, 2, 'ac:23:3f:26:09:4f', 'Printer HP2135', 'HP2', 'GOK1002', 1, 1, 1, 2, '2020-12-10 17:59:13', 'UPDATE Data'),
(177, 4, 'ff:ff:c3:15:96:3d', 'AC Split Daikin 1/2 PK Thailand 389', 'Daikin', 'GOK1004', 5, 5, 1, 2, '2020-12-10 17:59:13', 'UPDATE Data'),
(178, 2, 'ac:23:3f:26:09:4f', 'Printer HP2135', 'HP2', 'GOK1002', 1, 1, 2, 1, '2020-12-10 18:00:12', 'UPDATE Data'),
(179, 4, 'ff:ff:c3:15:96:3d', 'AC Split Daikin 1/2 PK Thailand 389', 'Daikin', 'GOK1004', 5, 5, 2, 1, '2020-12-10 18:00:13', 'UPDATE Data'),
(180, 4, 'ff:ff:c3:15:96:3d', 'AC Split Daikin 1/2 PK Thailand 389', 'Daikin', 'GOK1004', 5, 5, 1, 2, '2020-12-10 18:00:14', 'UPDATE Data'),
(181, 4, 'ff:ff:c3:15:96:3d', 'AC Split Daikin 1/2 PK Thailand 389', 'Daikin', 'GOK1004', 5, 5, 2, 1, '2020-12-10 18:01:12', 'UPDATE Data'),
(182, 2, 'ac:23:3f:26:09:4f', 'Printer HP2135', 'HP2', 'GOK1002', 1, 1, 1, 2, '2020-12-10 18:01:14', 'UPDATE Data'),
(183, 4, 'ff:ff:c3:15:96:3d', 'AC Split Daikin 1/2 PK Thailand 389', 'Daikin', 'GOK1004', 5, 5, 1, 2, '2020-12-10 18:01:15', 'UPDATE Data'),
(184, 2, 'ac:23:3f:26:09:4f', 'Printer HP2135', 'HP2', 'GOK1002', 1, 1, 2, 1, '2020-12-10 18:02:12', 'UPDATE Data'),
(185, 4, 'ff:ff:c3:15:96:3d', 'AC Split Daikin 1/2 PK Thailand 389', 'Daikin', 'GOK1004', 5, 5, 1, 1, '2020-12-10 18:02:13', 'UPDATE Data'),
(186, 4, 'ff:ff:c3:15:96:3d', 'AC Split Daikin 1/2 PK Thailand 389', 'Daikin', 'GOK1004', 5, 5, 2, 1, '2020-12-10 18:03:12', 'UPDATE Data'),
(187, 2, 'ac:23:3f:26:09:4f', 'Printer HP2135', 'HP2', 'GOK1002', 1, 1, 1, 2, '2020-12-10 18:03:13', 'UPDATE Data'),
(188, 4, 'ff:ff:c3:15:96:3d', 'AC Split Daikin 1/2 PK Thailand 389', 'Daikin', 'GOK1004', 5, 5, 1, 2, '2020-12-10 18:03:14', 'UPDATE Data'),
(189, 2, 'ac:23:3f:26:09:4f', 'Printer HP2135', 'HP2', 'GOK1002', 1, 1, 2, 1, '2020-12-10 18:04:13', 'UPDATE Data'),
(190, 4, 'ff:ff:c3:15:96:3d', 'AC Split Daikin 1/2 PK Thailand 389', 'Daikin', 'GOK1004', 5, 5, 2, 1, '2020-12-10 18:04:13', 'UPDATE Data'),
(191, 4, 'ff:ff:c3:15:96:3d', 'AC Split Daikin 1/2 PK Thailand 389', 'Daikin', 'GOK1004', 5, 5, 2, 2, '2020-12-10 18:05:13', 'UPDATE Data'),
(192, 2, 'ac:23:3f:26:09:4f', 'Printer HP2135', 'HP2', 'GOK1002', 1, 1, 1, 2, '2020-12-10 18:05:15', 'UPDATE Data'),
(193, 4, 'ff:ff:c3:15:96:3d', 'AC Split Daikin 1/2 PK Thailand 389', 'Daikin', 'GOK1004', 5, 5, 1, 2, '2020-12-10 18:05:15', 'UPDATE Data'),
(194, 2, 'ac:23:3f:26:09:4f', 'Printer HP2135', 'HP2', 'GOK1002', 1, 1, 2, 1, '2020-12-10 18:06:12', 'UPDATE Data'),
(195, 4, 'ff:ff:c3:15:96:3d', 'AC Split Daikin 1/2 PK Thailand 389', 'Daikin', 'GOK1004', 5, 5, 2, 1, '2020-12-10 18:06:12', 'UPDATE Data'),
(196, 4, 'ff:ff:c3:15:96:3d', 'AC Split Daikin 1/2 PK Thailand 389', 'Daikin', 'GOK1004', 5, 5, 1, 2, '2020-12-10 18:06:14', 'UPDATE Data'),
(197, 4, 'ff:ff:c3:15:96:3d', 'AC Split Daikin 1/2 PK Thailand 389', 'Daikin', 'GOK1004', 5, 5, 2, 1, '2020-12-10 18:07:12', 'UPDATE Data'),
(198, 2, 'ac:23:3f:26:09:4f', 'Printer HP2135', 'HP2', 'GOK1002', 1, 1, 1, 2, '2020-12-10 18:07:14', 'UPDATE Data'),
(199, 4, 'ff:ff:c3:15:96:3d', 'AC Split Daikin 1/2 PK Thailand 389', 'Daikin', 'GOK1004', 5, 5, 1, 2, '2020-12-10 18:07:14', 'UPDATE Data'),
(200, 2, 'ac:23:3f:26:09:4f', 'Printer HP2135', 'HP2', 'GOK1002', 1, 1, 2, 1, '2020-12-10 18:08:12', 'UPDATE Data'),
(201, 4, 'ff:ff:c3:15:96:3d', 'AC Split Daikin 1/2 PK Thailand 389', 'Daikin', 'GOK1004', 5, 5, 2, 1, '2020-12-10 18:08:12', 'UPDATE Data'),
(202, 4, 'ff:ff:c3:15:96:3d', 'AC Split Daikin 1/2 PK Thailand 389', 'Daikin', 'GOK1004', 5, 5, 2, 2, '2020-12-10 18:09:13', 'UPDATE Data'),
(203, 2, 'ac:23:3f:26:09:4f', 'Printer HP2135', 'HP2', 'GOK1002', 1, 1, 1, 2, '2020-12-10 18:09:14', 'UPDATE Data'),
(204, 4, 'ff:ff:c3:15:96:3d', 'AC Split Daikin 1/2 PK Thailand 389', 'Daikin', 'GOK1004', 5, 5, 1, 2, '2020-12-10 18:09:14', 'UPDATE Data'),
(205, 2, 'ac:23:3f:26:09:4f', 'Printer HP2135', 'HP2', 'GOK1002', 1, 1, 2, 1, '2020-12-10 18:10:14', 'UPDATE Data'),
(206, 4, 'ff:ff:c3:15:96:3d', 'AC Split Daikin 1/2 PK Thailand 389', 'Daikin', 'GOK1004', 5, 5, 2, 1, '2020-12-10 18:10:14', 'UPDATE Data'),
(207, 4, 'ff:ff:c3:15:96:3d', 'AC Split Daikin 1/2 PK Thailand 389', 'Daikin', 'GOK1004', 5, 5, 1, 2, '2020-12-10 18:10:19', 'UPDATE Data'),
(208, 4, 'ff:ff:c3:15:96:3d', 'AC Split Daikin 1/2 PK Thailand 389', 'Daikin', 'GOK1004', 5, 5, 2, 1, '2020-12-10 18:11:13', 'UPDATE Data'),
(209, 2, 'ac:23:3f:26:09:4f', 'Printer HP2135', 'HP2', 'GOK1002', 1, 1, 1, 2, '2020-12-10 18:11:13', 'UPDATE Data'),
(210, 4, 'ff:ff:c3:15:96:3d', 'AC Split Daikin 1/2 PK Thailand 389', 'Daikin', 'GOK1004', 5, 5, 1, 2, '2020-12-10 18:11:14', 'UPDATE Data'),
(211, 2, 'ac:23:3f:26:09:4f', 'Printer HP2135', 'HP2', 'GOK1002', 1, 1, 2, 1, '2020-12-10 18:12:12', 'UPDATE Data'),
(212, 4, 'ff:ff:c3:15:96:3d', 'AC Split Daikin 1/2 PK Thailand 389', 'Daikin', 'GOK1004', 5, 5, 2, 1, '2020-12-10 18:12:12', 'UPDATE Data'),
(213, 4, 'ff:ff:c3:15:96:3d', 'AC Split Daikin 1/2 PK Thailand 389', 'Daikin', 'GOK1004', 5, 5, 1, 2, '2020-12-10 18:12:13', 'UPDATE Data'),
(214, 4, 'ff:ff:c3:15:96:3d', 'AC Split Daikin 1/2 PK Thailand 389', 'Daikin', 'GOK1004', 5, 5, 2, 1, '2020-12-10 18:13:12', 'UPDATE Data'),
(215, 2, 'ac:23:3f:26:09:4f', 'Printer HP2135', 'HP2', 'GOK1002', 1, 1, 1, 2, '2020-12-10 18:13:14', 'UPDATE Data'),
(216, 4, 'ff:ff:c3:15:96:3d', 'AC Split Daikin 1/2 PK Thailand 389', 'Daikin', 'GOK1004', 5, 5, 1, 2, '2020-12-10 18:13:14', 'UPDATE Data'),
(217, 2, 'ac:23:3f:26:09:4f', 'Printer HP2135', 'HP2', 'GOK1002', 1, 1, 2, 1, '2020-12-10 18:14:12', 'UPDATE Data'),
(218, 4, 'ff:ff:c3:15:96:3d', 'AC Split Daikin 1/2 PK Thailand 389', 'Daikin', 'GOK1004', 5, 5, 1, 1, '2020-12-10 18:14:13', 'UPDATE Data'),
(219, 2, 'ac:23:3f:26:09:4f', 'Printer HP2135', 'HP2', 'GOK1002', 1, 1, 1, 2, '2020-12-10 18:15:13', 'UPDATE Data'),
(220, 4, 'ff:ff:c3:15:96:3d', 'AC Split Daikin 1/2 PK Thailand 389', 'Daikin', 'GOK1004', 5, 5, 1, 1, '2020-12-10 18:15:13', 'UPDATE Data'),
(221, 2, 'ac:23:3f:26:09:4f', 'Printer HP2135', 'HP2', 'GOK1002', 1, 1, 2, 1, '2020-12-10 18:16:12', 'UPDATE Data'),
(222, 4, 'ff:ff:c3:15:96:3d', 'AC Split Daikin 1/2 PK Thailand 389', 'Daikin', 'GOK1004', 5, 5, 1, 1, '2020-12-10 18:16:13', 'UPDATE Data'),
(223, 4, 'ff:ff:c3:15:96:3d', 'AC Split Daikin 1/2 PK Thailand 389', 'Daikin', 'GOK1004', 5, 5, 2, 1, '2020-12-10 18:17:14', 'UPDATE Data'),
(224, 2, 'ac:23:3f:26:09:4f', 'Printer HP2135', 'HP2', 'GOK1002', 1, 1, 1, 2, '2020-12-10 18:17:14', 'UPDATE Data'),
(225, 4, 'ff:ff:c3:15:96:3d', 'AC Split Daikin 1/2 PK Thailand 389', 'Daikin', 'GOK1004', 5, 5, 1, 2, '2020-12-10 18:17:15', 'UPDATE Data'),
(226, 2, 'ac:23:3f:26:09:4f', 'Printer HP2135', 'HP2', 'GOK1002', 1, 1, 2, 1, '2020-12-10 18:18:13', 'UPDATE Data'),
(227, 4, 'ff:ff:c3:15:96:3d', 'AC Split Daikin 1/2 PK Thailand 389', 'Daikin', 'GOK1004', 5, 5, 2, 1, '2020-12-10 18:18:13', 'UPDATE Data'),
(228, 4, 'ff:ff:c3:15:96:3d', 'AC Split Daikin 1/2 PK Thailand 389', 'Daikin', 'GOK1004', 5, 5, 1, 2, '2020-12-10 18:18:13', 'UPDATE Data'),
(229, 4, 'ff:ff:c3:15:96:3d', 'AC Split Daikin 1/2 PK Thailand 389', 'Daikin', 'GOK1004', 5, 5, 2, 1, '2020-12-10 18:19:13', 'UPDATE Data'),
(230, 2, 'ac:23:3f:26:09:4f', 'Printer HP2135', 'HP2', 'GOK1002', 1, 1, 1, 2, '2020-12-10 18:19:13', 'UPDATE Data'),
(231, 4, 'ff:ff:c3:15:96:3d', 'AC Split Daikin 1/2 PK Thailand 389', 'Daikin', 'GOK1004', 5, 5, 1, 2, '2020-12-10 18:19:13', 'UPDATE Data'),
(232, 2, 'ac:23:3f:26:09:4f', 'Printer HP2135', 'HP2', 'GOK1002', 1, 1, 2, 1, '2020-12-10 18:20:12', 'UPDATE Data'),
(233, 4, 'ff:ff:c3:15:96:3d', 'AC Split Daikin 1/2 PK Thailand 389', 'Daikin', 'GOK1004', 5, 5, 2, 1, '2020-12-10 18:20:12', 'UPDATE Data'),
(234, 4, 'ff:ff:c3:15:96:3d', 'AC Split Daikin 1/2 PK Thailand 389', 'Daikin', 'GOK1004', 5, 5, 1, 2, '2020-12-10 18:20:13', 'UPDATE Data'),
(235, 4, 'ff:ff:c3:15:96:3d', 'AC Split Daikin 1/2 PK Thailand 389', 'Daikin', 'GOK1004', 5, 5, 2, 1, '2020-12-10 18:21:15', 'UPDATE Data'),
(236, 2, 'ac:23:3f:26:09:4f', 'Printer HP2135', 'HP2', 'GOK1002', 1, 1, 1, 2, '2020-12-10 18:21:15', 'UPDATE Data'),
(237, 4, 'ff:ff:c3:15:96:3d', 'AC Split Daikin 1/2 PK Thailand 389', 'Daikin', 'GOK1004', 5, 5, 1, 2, '2020-12-10 18:21:15', 'UPDATE Data'),
(238, 2, 'ac:23:3f:26:09:4f', 'Printer HP2135', 'HP2', 'GOK1002', 1, 1, 2, 1, '2020-12-10 18:22:12', 'UPDATE Data'),
(239, 4, 'ff:ff:c3:15:96:3d', 'AC Split Daikin 1/2 PK Thailand 389', 'Daikin', 'GOK1004', 5, 5, 1, 1, '2020-12-10 18:22:14', 'UPDATE Data'),
(240, 2, 'ac:23:3f:26:09:4f', 'Printer HP2135', 'HP2', 'GOK1002', 1, 1, 1, 2, '2020-12-10 18:23:14', 'UPDATE Data'),
(241, 4, 'ff:ff:c3:15:96:3d', 'AC Split Daikin 1/2 PK Thailand 389', 'Daikin', 'GOK1004', 5, 5, 1, 1, '2020-12-10 18:23:15', 'UPDATE Data'),
(242, 2, 'ac:23:3f:26:09:4f', 'Printer HP2135', 'HP2', 'GOK1002', 1, 1, 2, 1, '2020-12-10 18:24:12', 'UPDATE Data'),
(243, 4, 'ff:ff:c3:15:96:3d', 'AC Split Daikin 1/2 PK Thailand 389', 'Daikin', 'GOK1004', 5, 5, 2, 1, '2020-12-10 18:24:12', 'UPDATE Data'),
(244, 4, 'ff:ff:c3:15:96:3d', 'AC Split Daikin 1/2 PK Thailand 389', 'Daikin', 'GOK1004', 5, 5, 2, 2, '2020-12-10 18:25:12', 'UPDATE Data'),
(245, 2, 'ac:23:3f:26:09:4f', 'Printer HP2135', 'HP2', 'GOK1002', 1, 1, 1, 2, '2020-12-10 18:25:13', 'UPDATE Data'),
(246, 4, 'ff:ff:c3:15:96:3d', 'AC Split Daikin 1/2 PK Thailand 389', 'Daikin', 'GOK1004', 5, 5, 1, 2, '2020-12-10 18:25:14', 'UPDATE Data'),
(247, 2, 'ac:23:3f:26:09:4f', 'Printer HP2135', 'HP2', 'GOK1002', 1, 1, 2, 1, '2020-12-10 18:26:13', 'UPDATE Data'),
(248, 4, 'ff:ff:c3:15:96:3d', 'AC Split Daikin 1/2 PK Thailand 389', 'Daikin', 'GOK1004', 5, 5, 1, 1, '2020-12-10 18:26:14', 'UPDATE Data'),
(249, 4, 'ff:ff:c3:15:96:3d', 'AC Split Daikin 1/2 PK Thailand 389', 'Daikin', 'GOK1004', 5, 5, 2, 1, '2020-12-10 18:27:12', 'UPDATE Data'),
(250, 2, 'ac:23:3f:26:09:4f', 'Printer HP2135', 'HP2', 'GOK1002', 1, 1, 1, 2, '2020-12-10 18:27:14', 'UPDATE Data'),
(251, 4, 'ff:ff:c3:15:96:3d', 'AC Split Daikin 1/2 PK Thailand 389', 'Daikin', 'GOK1004', 5, 5, 1, 2, '2020-12-10 18:27:14', 'UPDATE Data'),
(252, 2, 'ac:23:3f:26:09:4f', 'Printer HP2135', 'HP2', 'GOK1002', 1, 1, 2, 1, '2020-12-10 18:28:12', 'UPDATE Data'),
(253, 4, 'ff:ff:c3:15:96:3d', 'AC Split Daikin 1/2 PK Thailand 389', 'Daikin', 'GOK1004', 5, 5, 2, 1, '2020-12-10 18:28:12', 'UPDATE Data'),
(254, 4, 'ff:ff:c3:15:96:3d', 'AC Split Daikin 1/2 PK Thailand 389', 'Daikin', 'GOK1004', 5, 5, 1, 2, '2020-12-10 18:28:15', 'UPDATE Data'),
(255, 4, 'ff:ff:c3:15:96:3d', 'AC Split Daikin 1/2 PK Thailand 389', 'Daikin', 'GOK1004', 5, 5, 2, 1, '2020-12-10 18:29:12', 'UPDATE Data'),
(256, 2, 'ac:23:3f:26:09:4f', 'Printer HP2135', 'HP2', 'GOK1002', 1, 1, 1, 2, '2020-12-10 18:29:14', 'UPDATE Data'),
(257, 4, 'ff:ff:c3:15:96:3d', 'AC Split Daikin 1/2 PK Thailand 389', 'Daikin', 'GOK1004', 5, 5, 1, 2, '2020-12-10 18:29:14', 'UPDATE Data'),
(258, 2, 'ac:23:3f:26:09:4f', 'Printer HP2135', 'HP2', 'GOK1002', 1, 1, 2, 1, '2020-12-10 18:30:12', 'UPDATE Data'),
(259, 4, 'ff:ff:c3:15:96:3d', 'AC Split Daikin 1/2 PK Thailand 389', 'Daikin', 'GOK1004', 5, 5, 2, 1, '2020-12-10 18:30:12', 'UPDATE Data'),
(260, 4, 'ff:ff:c3:15:96:3d', 'AC Split Daikin 1/2 PK Thailand 389', 'Daikin', 'GOK1004', 5, 5, 1, 2, '2020-12-10 18:30:14', 'UPDATE Data'),
(261, 4, 'ff:ff:c3:15:96:3d', 'AC Split Daikin 1/2 PK Thailand 389', 'Daikin', 'GOK1004', 5, 5, 2, 1, '2020-12-10 18:31:12', 'UPDATE Data'),
(262, 2, 'ac:23:3f:26:09:4f', 'Printer HP2135', 'HP2', 'GOK1002', 1, 1, 1, 2, '2020-12-10 18:31:14', 'UPDATE Data'),
(263, 4, 'ff:ff:c3:15:96:3d', 'AC Split Daikin 1/2 PK Thailand 389', 'Daikin', 'GOK1004', 5, 5, 1, 2, '2020-12-10 18:31:14', 'UPDATE Data'),
(264, 2, 'ac:23:3f:26:09:4f', 'Printer HP2135', 'HP2', 'GOK1002', 1, 1, 2, 1, '2020-12-10 18:32:12', 'UPDATE Data'),
(265, 4, 'ff:ff:c3:15:96:3d', 'AC Split Daikin 1/2 PK Thailand 389', 'Daikin', 'GOK1004', 5, 5, 2, 1, '2020-12-10 18:32:13', 'UPDATE Data'),
(266, 4, 'ff:ff:c3:15:96:3d', 'AC Split Daikin 1/2 PK Thailand 389', 'Daikin', 'GOK1004', 5, 5, 1, 2, '2020-12-10 18:32:15', 'UPDATE Data'),
(267, 4, 'ff:ff:c3:15:96:3d', 'AC Split Daikin 1/2 PK Thailand 389', 'Daikin', 'GOK1004', 5, 5, 2, 1, '2020-12-10 18:33:12', 'UPDATE Data'),
(268, 2, 'ac:23:3f:26:09:4f', 'Printer HP2135', 'HP2', 'GOK1002', 1, 1, 1, 2, '2020-12-10 18:33:14', 'UPDATE Data'),
(269, 4, 'ff:ff:c3:15:96:3d', 'AC Split Daikin 1/2 PK Thailand 389', 'Daikin', 'GOK1004', 5, 5, 1, 2, '2020-12-10 18:33:14', 'UPDATE Data'),
(270, 2, 'ac:23:3f:26:09:4f', 'Printer HP2135', 'HP2', 'GOK1002', 1, 1, 2, 1, '2020-12-10 18:34:12', 'UPDATE Data'),
(271, 4, 'ff:ff:c3:15:96:3d', 'AC Split Daikin 1/2 PK Thailand 389', 'Daikin', 'GOK1004', 5, 5, 2, 1, '2020-12-10 18:34:12', 'UPDATE Data'),
(272, 4, 'ff:ff:c3:15:96:3d', 'AC Split Daikin 1/2 PK Thailand 389', 'Daikin', 'GOK1004', 5, 5, 1, 2, '2020-12-10 18:34:13', 'UPDATE Data'),
(273, 4, 'ff:ff:c3:15:96:3d', 'AC Split Daikin 1/2 PK Thailand 389', 'Daikin', 'GOK1004', 5, 5, 2, 1, '2020-12-10 18:35:12', 'UPDATE Data'),
(274, 2, 'ac:23:3f:26:09:4f', 'Printer HP2135', 'HP2', 'GOK1002', 1, 1, 1, 2, '2020-12-10 18:35:13', 'UPDATE Data'),
(275, 4, 'ff:ff:c3:15:96:3d', 'AC Split Daikin 1/2 PK Thailand 389', 'Daikin', 'GOK1004', 5, 5, 1, 2, '2020-12-10 18:35:13', 'UPDATE Data'),
(276, 2, 'ac:23:3f:26:09:4f', 'Printer HP2135', 'HP2', 'GOK1002', 1, 1, 2, 1, '2020-12-10 18:36:13', 'UPDATE Data'),
(277, 4, 'ff:ff:c3:15:96:3d', 'AC Split Daikin 1/2 PK Thailand 389', 'Daikin', 'GOK1004', 5, 5, 2, 1, '2020-12-10 18:36:13', 'UPDATE Data'),
(278, 4, 'ff:ff:c3:15:96:3d', 'AC Split Daikin 1/2 PK Thailand 389', 'Daikin', 'GOK1004', 5, 5, 1, 2, '2020-12-10 18:36:14', 'UPDATE Data'),
(279, 4, 'ff:ff:c3:15:96:3d', 'AC Split Daikin 1/2 PK Thailand 389', 'Daikin', 'GOK1004', 5, 5, 2, 1, '2020-12-10 18:37:12', 'UPDATE Data'),
(280, 2, 'ac:23:3f:26:09:4f', 'Printer HP2135', 'HP2', 'GOK1002', 1, 1, 1, 2, '2020-12-10 18:37:14', 'UPDATE Data'),
(281, 4, 'ff:ff:c3:15:96:3d', 'AC Split Daikin 1/2 PK Thailand 389', 'Daikin', 'GOK1004', 5, 5, 1, 2, '2020-12-10 18:37:14', 'UPDATE Data'),
(282, 2, 'ac:23:3f:26:09:4f', 'Printer HP2135', 'HP2', 'GOK1002', 1, 1, 2, 1, '2020-12-10 18:38:12', 'UPDATE Data'),
(283, 4, 'ff:ff:c3:15:96:3d', 'AC Split Daikin 1/2 PK Thailand 389', 'Daikin', 'GOK1004', 5, 5, 2, 1, '2020-12-10 18:38:13', 'UPDATE Data'),
(284, 4, 'ff:ff:c3:15:96:3d', 'AC Split Daikin 1/2 PK Thailand 389', 'Daikin', 'GOK1004', 5, 5, 1, 2, '2020-12-10 18:38:14', 'UPDATE Data'),
(285, 4, 'ff:ff:c3:15:96:3d', 'AC Split Daikin 1/2 PK Thailand 389', 'Daikin', 'GOK1004', 5, 5, 2, 1, '2020-12-10 18:39:12', 'UPDATE Data'),
(286, 2, 'ac:23:3f:26:09:4f', 'Printer HP2135', 'HP2', 'GOK1002', 1, 1, 1, 2, '2020-12-10 18:39:14', 'UPDATE Data'),
(287, 4, 'ff:ff:c3:15:96:3d', 'AC Split Daikin 1/2 PK Thailand 389', 'Daikin', 'GOK1004', 5, 5, 1, 2, '2020-12-10 18:39:14', 'UPDATE Data'),
(288, 2, 'ac:23:3f:26:09:4f', 'Printer HP2135', 'HP2', 'GOK1002', 1, 1, 2, 1, '2020-12-10 18:40:13', 'UPDATE Data'),
(289, 4, 'ff:ff:c3:15:96:3d', 'AC Split Daikin 1/2 PK Thailand 389', 'Daikin', 'GOK1004', 5, 5, 2, 1, '2020-12-10 18:40:13', 'UPDATE Data'),
(290, 4, 'ff:ff:c3:15:96:3d', 'AC Split Daikin 1/2 PK Thailand 389', 'Daikin', 'GOK1004', 5, 5, 1, 2, '2020-12-10 18:40:14', 'UPDATE Data'),
(291, 1, 'ac:23:3f:26:09:44', 'Meja Meeting Modera Powell 240cm ', 'Modera', 'GOK1001', 1, 1, 1, 2, '2020-12-10 18:41:14', 'UPDATE Data'),
(292, 2, 'ac:23:3f:26:09:4f', 'Printer HP2135', 'HP2', 'GOK1002', 1, 1, 1, 2, '2020-12-10 18:41:14', 'UPDATE Data'),
(293, 4, 'ff:ff:c3:15:96:3d', 'AC Split Daikin 1/2 PK Thailand 389', 'Daikin', 'GOK1004', 5, 5, 1, 1, '2020-12-10 18:41:14', 'UPDATE Data'),
(294, 4, 'ff:ff:c3:15:96:3d', 'AC Split Daikin 1/2 PK Thailand 389', 'Daikin', 'GOK1004', 5, 5, 1, 1, '2020-12-10 18:42:14', 'UPDATE Data'),
(295, 4, 'ff:ff:c3:15:96:3d', 'AC Split Daikin 1/2 PK Thailand 389', 'Daikin', 'GOK1004', 5, 5, 1, 1, '2020-12-10 18:43:14', 'UPDATE Data'),
(296, 4, 'ff:ff:c3:15:96:3d', 'AC Split Daikin 1/2 PK Thailand 389', 'Daikin', 'GOK1004', 5, 5, 1, 1, '2020-12-10 18:44:14', 'UPDATE Data'),
(297, 4, 'ff:ff:c3:15:96:3d', 'AC Split Daikin 1/2 PK Thailand 389', 'Daikin', 'GOK1004', 5, 5, 1, 1, '2020-12-10 18:45:15', 'UPDATE Data'),
(298, 4, 'ff:ff:c3:15:96:3d', 'AC Split Daikin 1/2 PK Thailand 389', 'Daikin', 'GOK1004', 5, 5, 1, 1, '2020-12-10 18:46:13', 'UPDATE Data'),
(299, 4, 'ff:ff:c3:15:96:3d', 'AC Split Daikin 1/2 PK Thailand 389', 'Daikin', 'GOK1004', 5, 5, 1, 1, '2020-12-10 18:47:14', 'UPDATE Data'),
(300, 4, 'ff:ff:c3:15:96:3d', 'AC Split Daikin 1/2 PK Thailand 389', 'Daikin', 'GOK1004', 5, 5, 1, 1, '2020-12-10 18:48:13', 'UPDATE Data'),
(301, 4, 'ff:ff:c3:15:96:3d', 'AC Split Daikin 1/2 PK Thailand 389', 'Daikin', 'GOK1004', 5, 5, 1, 1, '2020-12-10 18:49:13', 'UPDATE Data'),
(302, 4, 'ff:ff:c3:15:96:3d', 'AC Split Daikin 1/2 PK Thailand 389', 'Daikin', 'GOK1004', 5, 5, 1, 1, '2020-12-10 18:50:13', 'UPDATE Data'),
(303, 4, 'ff:ff:c3:15:96:3d', 'AC Split Daikin 1/2 PK Thailand 389', 'Daikin', 'GOK1004', 5, 5, 1, 1, '2020-12-10 18:51:13', 'UPDATE Data'),
(304, 4, 'ff:ff:c3:15:96:3d', 'AC Split Daikin 1/2 PK Thailand 389', 'Daikin', 'GOK1004', 5, 5, 1, 1, '2020-12-10 18:52:14', 'UPDATE Data'),
(305, 4, 'ff:ff:c3:15:96:3d', 'AC Split Daikin 1/2 PK Thailand 389', 'Daikin', 'GOK1004', 5, 5, 1, 1, '2020-12-10 18:53:13', 'UPDATE Data'),
(306, 4, 'ff:ff:c3:15:96:3d', 'AC Split Daikin 1/2 PK Thailand 389', 'Daikin', 'GOK1004', 5, 5, 1, 1, '2020-12-10 18:54:13', 'UPDATE Data'),
(307, 4, 'ff:ff:c3:15:96:3d', 'AC Split Daikin 1/2 PK Thailand 389', 'Daikin', 'GOK1004', 5, 5, 1, 1, '2020-12-10 18:55:14', 'UPDATE Data'),
(308, 4, 'ff:ff:c3:15:96:3d', 'AC Split Daikin 1/2 PK Thailand 389', 'Daikin', 'GOK1004', 5, 5, 1, 1, '2020-12-10 18:56:13', 'UPDATE Data'),
(309, 4, 'ff:ff:c3:15:96:3d', 'AC Split Daikin 1/2 PK Thailand 389', 'Daikin', 'GOK1004', 5, 5, 1, 1, '2020-12-10 18:57:14', 'UPDATE Data'),
(310, 4, 'ff:ff:c3:15:96:3d', 'AC Split Daikin 1/2 PK Thailand 389', 'Daikin', 'GOK1004', 5, 5, 1, 1, '2020-12-10 18:58:14', 'UPDATE Data'),
(311, 4, 'ff:ff:c3:15:96:3d', 'AC Split Daikin 1/2 PK Thailand 389', 'Daikin', 'GOK1004', 5, 5, 1, 1, '2020-12-10 18:59:14', 'UPDATE Data'),
(312, 4, 'ff:ff:c3:15:96:3d', 'AC Split Daikin 1/2 PK Thailand 389', 'Daikin', 'GOK1004', 5, 5, 1, 1, '2020-12-10 19:00:14', 'UPDATE Data'),
(313, 4, 'ff:ff:c3:15:96:3d', 'AC Split Daikin 1/2 PK Thailand 389', 'Daikin', 'GOK1004', 5, 5, 1, 1, '2020-12-10 19:01:14', 'UPDATE Data'),
(314, 4, 'ff:ff:c3:15:96:3d', 'AC Split Daikin 1/2 PK Thailand 389', 'Daikin', 'GOK1004', 5, 5, 1, 1, '2020-12-10 19:02:14', 'UPDATE Data'),
(315, 4, 'ff:ff:c3:15:96:3d', 'AC Split Daikin 1/2 PK Thailand 389', 'Daikin', 'GOK1004', 5, 5, 1, 1, '2020-12-10 19:03:14', 'UPDATE Data'),
(316, 4, 'ff:ff:c3:15:96:3d', 'AC Split Daikin 1/2 PK Thailand 389', 'Daikin', 'GOK1004', 5, 5, 1, 1, '2020-12-10 19:04:13', 'UPDATE Data'),
(317, 4, 'ff:ff:c3:15:96:3d', 'AC Split Daikin 1/2 PK Thailand 389', 'Daikin', 'GOK1004', 5, 5, 1, 1, '2020-12-10 19:05:13', 'UPDATE Data'),
(318, 4, 'ff:ff:c3:15:96:3d', 'AC Split Daikin 1/2 PK Thailand 389', 'Daikin', 'GOK1004', 5, 5, 1, 1, '2020-12-10 19:06:14', 'UPDATE Data'),
(319, 4, 'ff:ff:c3:15:96:3d', 'AC Split Daikin 1/2 PK Thailand 389', 'Daikin', 'GOK1004', 5, 5, 1, 1, '2020-12-10 19:07:13', 'UPDATE Data'),
(320, 4, 'ff:ff:c3:15:96:3d', 'AC Split Daikin 1/2 PK Thailand 389', 'Daikin', 'GOK1004', 5, 5, 1, 1, '2020-12-10 19:08:13', 'UPDATE Data'),
(321, 4, 'ff:ff:c3:15:96:3d', 'AC Split Daikin 1/2 PK Thailand 389', 'Daikin', 'GOK1004', 5, 5, 1, 1, '2020-12-10 19:09:14', 'UPDATE Data'),
(322, 4, 'ff:ff:c3:15:96:3d', 'AC Split Daikin 1/2 PK Thailand 389', 'Daikin', 'GOK1004', 5, 5, 1, 1, '2020-12-10 19:10:14', 'UPDATE Data'),
(323, 4, 'ff:ff:c3:15:96:3d', 'AC Split Daikin 1/2 PK Thailand 389', 'Daikin', 'GOK1004', 5, 5, 1, 1, '2020-12-10 19:11:14', 'UPDATE Data'),
(324, 4, 'ff:ff:c3:15:96:3d', 'AC Split Daikin 1/2 PK Thailand 389', 'Daikin', 'GOK1004', 5, 5, 1, 1, '2020-12-10 19:12:14', 'UPDATE Data'),
(325, 4, 'ff:ff:c3:15:96:3d', 'AC Split Daikin 1/2 PK Thailand 389', 'Daikin', 'GOK1004', 5, 5, 1, 1, '2020-12-10 19:13:14', 'UPDATE Data'),
(326, 4, 'ff:ff:c3:15:96:3d', 'AC Split Daikin 1/2 PK Thailand 389', 'Daikin', 'GOK1004', 5, 5, 1, 1, '2020-12-10 19:14:14', 'UPDATE Data'),
(327, 4, 'ff:ff:c3:15:96:3d', 'AC Split Daikin 1/2 PK Thailand 389', 'Daikin', 'GOK1004', 5, 5, 1, 1, '2020-12-10 19:15:14', 'UPDATE Data'),
(328, 4, 'ff:ff:c3:15:96:3d', 'AC Split Daikin 1/2 PK Thailand 389', 'Daikin', 'GOK1004', 5, 5, 1, 1, '2020-12-10 19:21:13', 'UPDATE Data'),
(329, 4, 'ff:ff:c3:15:96:3d', 'AC Split Daikin 1/2 PK Thailand 389', 'Daikin', 'GOK1004', 5, 5, 1, 1, '2020-12-10 19:22:13', 'UPDATE Data'),
(330, 4, 'ff:ff:c3:15:96:3d', 'AC Split Daikin 1/2 PK Thailand 389', 'Daikin', 'GOK1004', 5, 5, 1, 1, '2020-12-10 19:23:14', 'UPDATE Data'),
(331, 4, 'ff:ff:c3:15:96:3d', 'AC Split Daikin 1/2 PK Thailand 389', 'Daikin', 'GOK1004', 5, 5, 1, 1, '2020-12-10 19:26:06', 'UPDATE Data'),
(332, 4, 'ff:ff:c3:15:96:3d', 'AC Split Daikin 1/2 PK Thailand 389', 'Daikin', 'GOK1004', 5, 5, 1, 1, '2020-12-10 19:26:17', 'UPDATE Data'),
(333, 4, 'ff:ff:c3:15:96:3d', 'AC Split Daikin 1/2 PK Thailand 389', 'Daikin', 'GOK1004', 5, 5, 1, 1, '2020-12-10 19:28:13', 'UPDATE Data'),
(334, 1, 'ac:23:3f:26:09:44', 'Meja Meeting Modera Powell 240cm ', 'Modera', 'GOK1001', 1, 1, 2, 1, '2020-12-10 19:32:16', 'UPDATE Data'),
(335, 2, 'ac:23:3f:26:09:4f', 'Printer HP2135', 'HP2', 'GOK1002', 1, 1, 2, 1, '2020-12-10 19:32:16', 'UPDATE Data'),
(336, 4, 'ff:ff:c3:15:96:3d', 'AC Split Daikin 1/2 PK Thailand 389', 'Daikin', 'GOK1004', 5, 5, 2, 1, '2020-12-10 19:32:16', 'UPDATE Data'),
(337, 4, 'ff:ff:c3:15:96:3d', 'AC Split Daikin 1/2 PK Thailand 389', 'Daikin', 'GOK1004', 5, 5, 2, 2, '2020-12-10 19:32:29', 'UPDATE Data'),
(338, 4, 'ff:ff:c3:15:96:3d', 'AC Split Daikin 1/2 PK Thailand 389', 'Daikin', 'GOK1004', 5, 5, 2, 2, '2020-12-10 19:33:13', 'UPDATE Data'),
(339, 4, 'ff:ff:c3:15:96:3d', 'AC Split Daikin 1/2 PK Thailand 389', 'Daikin', 'GOK1004', 5, 5, 2, 2, '2020-12-10 19:34:14', 'UPDATE Data'),
(340, 4, 'ff:ff:c3:15:96:3d', 'AC Split Daikin 1/2 PK Thailand 389', 'Daikin', 'GOK1004', 5, 5, 2, 2, '2020-12-10 19:36:13', 'UPDATE Data'),
(341, 4, 'ff:ff:c3:15:96:3d', 'AC Split Daikin 1/2 PK Thailand 389', 'Daikin', 'GOK1004', 5, 5, 2, 2, '2020-12-10 19:37:13', 'UPDATE Data'),
(342, 4, 'ff:ff:c3:15:96:3d', 'AC Split Daikin 1/2 PK Thailand 389', 'Daikin', 'GOK1004', 1, 5, 2, 2, '2020-12-10 19:40:11', 'UPDATE Data'),
(343, 4, 'ff:ff:c3:15:96:3d', 'AC Split Daikin 1/2 PK Thailand 389', 'Daikin', 'GOK1004', 1, 1, 2, 2, '2020-12-10 19:40:15', 'UPDATE Data'),
(344, 5, 'ff:ff:c4:27:9b:67', 'White Board 90 x 120 cm', 'White', 'GOK1005', 1, 1, 2, 1, '2020-12-10 19:47:13', 'UPDATE Data'),
(345, 3, 'ff:ff:c4:27:9d:38', 'Projector Infocus IN114', 'Infocus', 'GOK1003', 1, 1, 2, 1, '2020-12-10 19:49:13', 'UPDATE Data'),
(346, 6, 'ff:ff:a0:01:1e:8a', 'A. Kursi Meeting - Jasmine C111', 'Chitose', 'GOK1006', 1, 1, 2, 1, '2020-12-10 19:58:13', 'UPDATE Data'),
(347, 7, 'ff:ff:80:01:3c:15', 'B. Kursi Meeting  - Jasmine C111 ', 'Chitose', 'GOK1007', 1, 1, 2, 1, '2020-12-10 19:58:13', 'UPDATE Data'),
(348, 8, 'ff:ff:80:00:db:0d', 'C. Kursi Meeting - Jasmine C111', 'Chitose', 'GOK1008', 1, 1, 2, 1, '2020-12-10 19:58:13', 'UPDATE Data'),
(349, 1, 'ac:23:3f:26:09:44', 'Meja Meeting Modera Powell 240cm ', 'Modera', 'GOK1001', 1, 1, 1, 2, '2020-12-11 12:48:08', 'UPDATE Data'),
(350, 2, 'ac:23:3f:26:09:4f', 'Printer HP2135', 'HP2', 'GOK1002', 1, 1, 1, 2, '2020-12-11 12:48:09', 'UPDATE Data'),
(351, 3, 'ff:ff:c4:27:9d:38', 'Projector Infocus IN114', 'Infocus', 'GOK1003', 1, 1, 1, 2, '2020-12-11 12:48:09', 'UPDATE Data'),
(352, 5, 'ff:ff:c4:27:9b:67', 'White Board 90 x 120 cm', 'White', 'GOK1005', 1, 1, 1, 2, '2020-12-11 12:48:09', 'UPDATE Data');

-- --------------------------------------------------------

--
-- Table structure for table `monitoring`
--

CREATE TABLE `monitoring` (
  `id_monitoring` int(11) NOT NULL,
  `waktu` datetime NOT NULL,
  `id_barang` int(11) NOT NULL,
  `found` tinyint(1) NOT NULL
) ENGINE=InnoDB DEFAULT CHARSET=utf8mb4;

--
-- Dumping data for table `monitoring`
--

INSERT INTO `monitoring` (`id_monitoring`, `waktu`, `id_barang`, `found`) VALUES
(946, '2020-10-09 01:13:16', 2, 0),
(947, '2020-10-09 01:13:16', 3, 0),
(948, '2020-10-09 01:13:16', 5, 0),
(949, '2020-10-09 01:13:16', 6, 0),
(950, '2020-10-09 01:13:16', 7, 0),
(951, '2020-10-09 01:13:37', 1, 1),
(952, '2020-10-09 01:13:37', 4, 1),
(953, '2020-10-09 01:13:37', 2, 0),
(954, '2020-10-09 01:13:37', 3, 0),
(955, '2020-10-09 01:13:37', 5, 0),
(956, '2020-10-09 01:13:37', 6, 0),
(957, '2020-10-09 01:13:37', 7, 0),
(958, '2020-10-09 01:13:55', 1, 1),
(959, '2020-10-09 01:13:55', 4, 1),
(960, '2020-10-09 01:13:55', 2, 0),
(961, '2020-10-09 01:13:55', 3, 0),
(962, '2020-10-09 01:13:55', 5, 0),
(963, '2020-10-09 01:13:55', 6, 0),
(964, '2020-10-09 01:13:55', 7, 0),
(965, '2020-10-10 08:20:43', 1, 1),
(966, '2020-10-10 08:20:43', 4, 1),
(967, '2020-10-10 08:20:43', 2, 0),
(968, '2020-10-10 08:20:43', 3, 0),
(969, '2020-10-10 08:20:43', 5, 0),
(970, '2020-10-10 08:20:43', 6, 0),
(971, '2020-10-10 08:20:43', 7, 0),
(972, '2020-10-10 08:23:16', 1, 1),
(973, '2020-10-10 08:23:16', 2, 1),
(974, '2020-10-10 08:23:16', 4, 1),
(975, '2020-10-10 08:23:17', 3, 0),
(976, '2020-10-10 08:23:17', 5, 0),
(977, '2020-10-10 08:23:17', 6, 0),
(978, '2020-10-10 08:23:17', 7, 0),
(979, '2020-10-10 08:23:47', 1, 1),
(980, '2020-10-10 08:23:47', 2, 1),
(981, '2020-10-10 08:23:47', 4, 1),
(982, '2020-10-10 08:23:47', 3, 0),
(983, '2020-10-10 08:23:47', 5, 0),
(984, '2020-10-10 08:23:47', 6, 0),
(985, '2020-10-10 08:23:47', 7, 0),
(986, '2020-10-10 08:24:09', 1, 1),
(987, '2020-10-10 08:24:09', 4, 1),
(988, '2020-10-10 08:24:09', 2, 0),
(989, '2020-10-10 08:24:09', 3, 0),
(990, '2020-10-10 08:24:09', 5, 0),
(991, '2020-10-10 08:24:10', 6, 0),
(992, '2020-10-10 08:24:10', 7, 0),
(993, '2020-10-10 08:25:00', 1, 1),
(994, '2020-10-10 08:25:00', 2, 1),
(995, '2020-10-10 08:25:00', 4, 1),
(996, '2020-10-10 08:25:00', 3, 0),
(997, '2020-10-10 08:25:00', 5, 0),
(998, '2020-10-10 08:25:00', 6, 0),
(999, '2020-10-10 08:25:00', 7, 0),
(1000, '2020-10-10 08:37:51', 1, 1),
(1001, '2020-10-10 08:37:51', 2, 1),
(1002, '2020-10-10 08:37:51', 4, 1),
(1003, '2020-10-10 08:37:51', 3, 0),
(1004, '2020-10-10 08:37:51', 5, 0),
(1005, '2020-10-10 08:37:51', 6, 0),
(1006, '2020-10-10 08:37:51', 7, 0),
(1007, '2020-10-10 13:38:10', 1, 1),
(1008, '2020-10-10 13:38:10', 2, 1),
(1009, '2020-10-10 13:38:10', 4, 1),
(1010, '2020-10-10 13:38:10', 5, 1),
(1011, '2020-10-10 13:38:10', 6, 1),
(1012, '2020-10-10 13:38:10', 7, 1),
(1013, '2020-10-10 13:38:10', 3, 0),
(1014, '2020-10-10 13:39:49', 1, 1),
(1015, '2020-10-10 13:39:49', 2, 1),
(1016, '2020-10-10 13:39:49', 4, 1),
(1017, '2020-10-10 13:39:49', 5, 1),
(1018, '2020-10-10 13:39:49', 3, 0),
(1019, '2020-10-10 13:39:49', 6, 0),
(1020, '2020-10-10 13:39:49', 7, 0),
(1021, '2020-10-29 09:23:32', 2, 1),
(1022, '2020-10-29 09:23:32', 4, 1),
(1023, '2020-10-29 09:23:32', 5, 1),
(1024, '2020-10-29 09:23:33', 1, 0),
(1025, '2020-10-29 09:23:33', 3, 0),
(1026, '2020-10-29 09:23:33', 6, 0),
(1027, '2020-10-29 09:23:33', 7, 0),
(1028, '2020-10-29 09:24:04', 1, 0),
(1029, '2020-10-29 09:24:04', 2, 0),
(1030, '2020-10-29 09:24:04', 3, 0),
(1031, '2020-10-29 09:24:04', 4, 0),
(1032, '2020-10-29 09:24:04', 5, 0),
(1033, '2020-10-29 09:24:04', 6, 0),
(1034, '2020-10-29 09:24:05', 7, 0),
(1035, '2020-10-29 09:24:20', 4, 1),
(1036, '2020-10-29 09:24:20', 1, 0),
(1037, '2020-10-29 09:24:20', 2, 0),
(1038, '2020-10-29 09:24:20', 3, 0),
(1039, '2020-10-29 09:24:20', 5, 0),
(1040, '2020-10-29 09:24:20', 6, 0),
(1041, '2020-10-29 09:24:20', 7, 0),
(1042, '2020-10-29 09:25:05', 2, 1),
(1043, '2020-10-29 09:25:05', 4, 1),
(1044, '2020-10-29 09:25:05', 1, 0),
(1045, '2020-10-29 09:25:06', 3, 0),
(1046, '2020-10-29 09:25:06', 5, 0),
(1047, '2020-10-29 09:25:06', 6, 0),
(1048, '2020-10-29 09:25:06', 7, 0),
(1049, '2020-10-29 10:19:49', 2, 1),
(1050, '2020-10-29 10:19:50', 4, 1),
(1051, '2020-10-29 10:19:50', 5, 1),
(1052, '2020-10-29 10:19:50', 1, 0),
(1053, '2020-10-29 10:19:50', 3, 0),
(1054, '2020-10-29 10:19:50', 6, 0),
(1055, '2020-10-29 10:19:50', 7, 0),
(1056, '2020-10-29 10:31:18', 1, 1),
(1057, '2020-10-29 10:31:18', 2, 1),
(1058, '2020-10-29 10:31:18', 4, 1),
(1059, '2020-10-29 10:31:18', 5, 1),
(1060, '2020-10-29 10:31:18', 3, 0),
(1061, '2020-10-29 10:31:18', 6, 0),
(1062, '2020-10-29 10:31:18', 7, 0),
(1063, '2020-10-29 10:35:52', 1, 1),
(1064, '2020-10-29 10:35:52', 2, 1),
(1065, '2020-10-29 10:35:52', 4, 1),
(1066, '2020-10-29 10:35:52', 5, 1),
(1067, '2020-10-29 10:35:52', 3, 0),
(1068, '2020-10-29 10:35:52', 6, 0),
(1069, '2020-10-29 10:35:52', 7, 0),
(1070, '2020-10-29 10:36:52', 5, 1),
(1071, '2020-10-29 10:36:52', 7, 1),
(1072, '2020-10-29 10:36:52', 1, 0),
(1073, '2020-10-29 10:36:52', 2, 0),
(1074, '2020-10-29 10:36:52', 3, 0),
(1075, '2020-10-29 10:36:52', 4, 0),
(1076, '2020-10-29 10:36:52', 6, 0),
(1077, '2020-10-29 10:37:52', 2, 1),
(1078, '2020-10-29 10:37:52', 5, 1),
(1079, '2020-10-29 10:37:52', 6, 1),
(1080, '2020-10-29 10:37:52', 7, 1),
(1081, '2020-10-29 10:37:52', 1, 0),
(1082, '2020-10-29 10:37:52', 3, 0),
(1083, '2020-10-29 10:37:52', 4, 0),
(1084, '2020-10-29 10:37:52', 8, 1),
(1085, '2020-10-29 10:39:34', 2, 1),
(1086, '2020-10-29 10:39:34', 5, 1),
(1087, '2020-10-29 10:39:34', 6, 1),
(1088, '2020-10-29 10:39:34', 7, 1),
(1089, '2020-10-29 10:39:35', 1, 0),
(1090, '2020-10-29 10:39:35', 3, 0),
(1091, '2020-10-29 10:39:35', 4, 0),
(1092, '2020-10-29 10:39:35', 8, 1),
(1093, '2020-10-29 10:40:33', 2, 1),
(1094, '2020-10-29 10:40:33', 5, 1),
(1095, '2020-10-29 10:40:33', 1, 0),
(1096, '2020-10-29 10:40:33', 3, 0),
(1097, '2020-10-29 10:40:33', 4, 0),
(1098, '2020-10-29 10:40:33', 6, 0),
(1099, '2020-10-29 10:40:33', 7, 0),
(1100, '2020-10-29 10:41:34', 2, 1),
(1101, '2020-10-29 10:41:34', 3, 1),
(1102, '2020-10-29 10:41:34', 5, 1),
(1103, '2020-10-29 10:41:34', 1, 0),
(1104, '2020-10-29 10:41:34', 4, 0),
(1105, '2020-10-29 10:41:34', 6, 0),
(1106, '2020-10-29 10:41:34', 7, 0),
(1107, '2020-10-29 10:42:33', 2, 1),
(1108, '2020-10-29 10:42:33', 3, 1),
(1109, '2020-10-29 10:42:33', 4, 1),
(1110, '2020-10-29 10:42:33', 5, 1),
(1111, '2020-10-29 10:42:34', 1, 0),
(1112, '2020-10-29 10:42:34', 6, 0),
(1113, '2020-10-29 10:42:34', 7, 0),
(1114, '2020-10-29 10:43:34', 1, 1),
(1115, '2020-10-29 10:43:34', 2, 1),
(1116, '2020-10-29 10:43:34', 3, 1),
(1117, '2020-10-29 10:43:34', 4, 1),
(1118, '2020-10-29 10:43:34', 5, 1),
(1119, '2020-10-29 10:43:34', 6, 1),
(1120, '2020-10-29 10:43:34', 7, 1),
(1121, '2020-10-29 10:43:34', 8, 1),
(1122, '2020-10-29 10:44:34', 1, 1),
(1123, '2020-10-29 10:44:34', 2, 1),
(1124, '2020-10-29 10:44:34', 3, 1),
(1125, '2020-10-29 10:44:34', 4, 1),
(1126, '2020-10-29 10:44:34', 5, 1),
(1127, '2020-10-29 10:44:34', 6, 1),
(1128, '2020-10-29 10:44:34', 7, 1),
(1129, '2020-10-29 10:44:34', 8, 1),
(1130, '2020-10-29 10:45:33', 1, 1),
(1131, '2020-10-29 10:45:33', 2, 1),
(1132, '2020-10-29 10:45:33', 3, 1),
(1133, '2020-10-29 10:45:34', 4, 1),
(1134, '2020-10-29 10:45:34', 5, 1),
(1135, '2020-10-29 10:45:34', 6, 1),
(1136, '2020-10-29 10:45:34', 7, 1),
(1137, '2020-10-29 10:45:34', 8, 1),
(1138, '2020-10-29 10:46:33', 1, 1),
(1139, '2020-10-29 10:46:33', 2, 1),
(1140, '2020-10-29 10:46:33', 3, 1),
(1141, '2020-10-29 10:46:33', 4, 1),
(1142, '2020-10-29 10:46:33', 5, 1),
(1143, '2020-10-29 10:46:33', 6, 1),
(1144, '2020-10-29 10:46:33', 7, 1),
(1145, '2020-10-29 10:46:33', 8, 1),
(1146, '2020-10-29 10:47:34', 1, 1),
(1147, '2020-10-29 10:47:34', 2, 1),
(1148, '2020-10-29 10:47:34', 3, 1),
(1149, '2020-10-29 10:47:34', 4, 1),
(1150, '2020-10-29 10:47:34', 5, 1),
(1151, '2020-10-29 10:47:34', 6, 0),
(1152, '2020-10-29 10:47:34', 7, 0),
(1153, '2020-10-29 10:48:33', 1, 1),
(1154, '2020-10-29 10:48:33', 2, 1),
(1155, '2020-10-29 10:48:33', 3, 1),
(1156, '2020-10-29 10:48:33', 4, 1),
(1157, '2020-10-29 10:48:33', 5, 1),
(1158, '2020-10-29 10:48:34', 6, 0),
(1159, '2020-10-29 10:48:34', 7, 0),
(1160, '2020-10-29 10:49:34', 1, 1),
(1161, '2020-10-29 10:49:34', 2, 1),
(1162, '2020-10-29 10:49:34', 3, 1),
(1163, '2020-10-29 10:49:34', 4, 1),
(1164, '2020-10-29 10:49:34', 5, 1),
(1165, '2020-10-29 10:49:34', 6, 0),
(1166, '2020-10-29 10:49:34', 7, 0),
(1167, '2020-10-29 10:50:33', 1, 1),
(1168, '2020-10-29 10:50:33', 2, 1),
(1169, '2020-10-29 10:50:33', 3, 1),
(1170, '2020-10-29 10:50:34', 4, 1),
(1171, '2020-10-29 10:50:34', 5, 1),
(1172, '2020-10-29 10:50:34', 6, 0),
(1173, '2020-10-29 10:50:34', 7, 0),
(1174, '2020-11-01 19:01:28', 2, 0),
(1175, '2020-11-01 19:02:03', 2, 0),
(1176, '2020-11-01 19:02:03', 2, 0),
(1177, '2020-11-01 19:02:03', 2, 0),
(1178, '2020-11-01 19:02:03', 2, 0),
(1179, '2020-11-01 19:02:03', 2, 0),
(1180, '2020-11-01 19:02:03', 2, 0),
(1181, '2020-11-01 19:02:03', 2, 0),
(1182, '2020-11-01 19:02:27', 2, 0),
(1183, '2020-11-01 19:02:27', 2, 0),
(1184, '2020-11-01 19:02:27', 2, 0),
(1185, '2020-11-01 19:02:47', 2, 1),
(1186, '2020-11-08 19:18:05', 1, 1),
(1187, '2020-11-08 19:18:05', 2, 1),
(1188, '2020-11-08 19:18:05', 3, 1),
(1189, '2020-11-08 19:18:05', 4, 1),
(1190, '2020-11-08 19:18:05', 5, 1),
(1191, '2020-11-08 19:18:05', 6, 0),
(1192, '2020-11-08 19:18:05', 7, 0),
(1193, '2020-11-08 19:18:28', 1, 1),
(1194, '2020-11-08 19:18:28', 2, 1),
(1195, '2020-11-08 19:18:28', 3, 1),
(1196, '2020-11-08 19:18:28', 4, 1),
(1197, '2020-11-08 19:18:28', 5, 1),
(1198, '2020-11-08 19:18:28', 6, 0),
(1199, '2020-11-08 19:18:29', 7, 0),
(1200, '2020-11-08 19:19:04', 1, 1),
(1201, '2020-11-08 19:19:05', 2, 1),
(1202, '2020-11-08 19:19:05', 3, 1),
(1203, '2020-11-08 19:19:05', 4, 1),
(1204, '2020-11-08 19:19:05', 5, 1),
(1205, '2020-11-08 19:19:05', 6, 0),
(1206, '2020-11-08 19:19:05', 7, 0),
(1207, '2020-11-08 19:19:21', 1, 1),
(1208, '2020-11-08 19:19:21', 2, 1),
(1209, '2020-11-08 19:19:21', 3, 1),
(1210, '2020-11-08 19:19:21', 4, 1),
(1211, '2020-11-08 19:19:22', 5, 1),
(1212, '2020-11-08 19:19:22', 6, 0),
(1213, '2020-11-08 19:19:22', 7, 0),
(1214, '2020-11-08 19:19:35', 1, 1),
(1215, '2020-11-08 19:19:35', 2, 1),
(1216, '2020-11-08 19:19:35', 3, 1),
(1217, '2020-11-08 19:19:35', 5, 1),
(1218, '2020-11-08 19:19:35', 4, 0),
(1219, '2020-11-08 19:19:35', 6, 0),
(1220, '2020-11-08 19:19:35', 7, 0),
(1221, '2020-11-08 19:20:04', 1, 1),
(1222, '2020-11-08 19:20:04', 2, 1),
(1223, '2020-11-08 19:20:04', 3, 1),
(1224, '2020-11-08 19:20:04', 4, 1),
(1225, '2020-11-08 19:20:04', 5, 1),
(1226, '2020-11-08 19:20:04', 6, 0),
(1227, '2020-11-08 19:20:04', 7, 0),
(1228, '2020-11-08 19:21:05', 1, 1),
(1229, '2020-11-08 19:21:05', 2, 1),
(1230, '2020-11-08 19:21:05', 3, 1),
(1231, '2020-11-08 19:21:05', 4, 1),
(1232, '2020-11-08 19:21:05', 5, 1),
(1233, '2020-11-08 19:21:05', 6, 0),
(1234, '2020-11-08 19:21:05', 7, 0),
(1235, '2020-11-08 19:22:05', 1, 1),
(1236, '2020-11-08 19:22:05', 2, 1),
(1237, '2020-11-08 19:22:05', 3, 1),
(1238, '2020-11-08 19:22:05', 4, 1),
(1239, '2020-11-08 19:22:05', 5, 1),
(1240, '2020-11-08 19:22:05', 6, 0),
(1241, '2020-11-08 19:22:05', 7, 0),
(1242, '2020-11-08 19:23:04', 1, 1),
(1243, '2020-11-08 19:23:05', 2, 1),
(1244, '2020-11-08 19:23:05', 3, 1),
(1245, '2020-11-08 19:23:05', 4, 1),
(1246, '2020-11-08 19:23:05', 5, 1),
(1247, '2020-11-08 19:23:05', 6, 0),
(1248, '2020-11-08 19:23:05', 7, 0),
(1249, '2020-11-08 19:24:05', 1, 1),
(1250, '2020-11-08 19:24:05', 2, 1),
(1251, '2020-11-08 19:24:05', 3, 1),
(1252, '2020-11-08 19:24:05', 4, 1),
(1253, '2020-11-08 19:24:05', 5, 1),
(1254, '2020-11-08 19:24:05', 6, 0),
(1255, '2020-11-08 19:24:05', 7, 0),
(1256, '2020-11-08 19:25:04', 1, 1),
(1257, '2020-11-08 19:25:05', 2, 1),
(1258, '2020-11-08 19:25:05', 3, 1),
(1259, '2020-11-08 19:25:05', 4, 1),
(1260, '2020-11-08 19:25:05', 5, 1),
(1261, '2020-11-08 19:25:05', 6, 0),
(1262, '2020-11-08 19:25:05', 7, 0),
(1263, '2020-11-08 19:26:05', 1, 1),
(1264, '2020-11-08 19:26:05', 2, 1),
(1265, '2020-11-08 19:26:05', 3, 1),
(1266, '2020-11-08 19:26:05', 4, 1),
(1267, '2020-11-08 19:26:05', 5, 1),
(1268, '2020-11-08 19:26:05', 6, 0),
(1269, '2020-11-08 19:26:05', 7, 0),
(1270, '2020-11-08 19:27:04', 1, 1),
(1271, '2020-11-08 19:27:04', 2, 1),
(1272, '2020-11-08 19:27:04', 3, 1),
(1273, '2020-11-08 19:27:04', 4, 1),
(1274, '2020-11-08 19:27:05', 5, 1),
(1275, '2020-11-08 19:27:05', 6, 0),
(1276, '2020-11-08 19:27:05', 7, 0),
(1277, '2020-11-08 19:28:05', 1, 1),
(1278, '2020-11-08 19:28:05', 2, 1),
(1279, '2020-11-08 19:28:05', 3, 1),
(1280, '2020-11-08 19:28:05', 4, 1),
(1281, '2020-11-08 19:28:05', 5, 1),
(1282, '2020-11-08 19:28:05', 6, 0),
(1283, '2020-11-08 19:28:05', 7, 0),
(1284, '2020-11-08 19:29:04', 1, 1),
(1285, '2020-11-08 19:29:04', 2, 1),
(1286, '2020-11-08 19:29:04', 3, 1),
(1287, '2020-11-08 19:29:04', 4, 1),
(1288, '2020-11-08 19:29:05', 5, 1),
(1289, '2020-11-08 19:29:05', 6, 0),
(1290, '2020-11-08 19:29:05', 7, 0),
(1291, '2020-11-08 19:30:05', 1, 1),
(1292, '2020-11-08 19:30:05', 2, 1),
(1293, '2020-11-08 19:30:05', 3, 1),
(1294, '2020-11-08 19:30:05', 4, 1),
(1295, '2020-11-08 19:30:05', 5, 1),
(1296, '2020-11-08 19:30:05', 6, 0),
(1297, '2020-11-08 19:30:05', 7, 0),
(1298, '2020-11-08 19:31:04', 1, 1),
(1299, '2020-11-08 19:31:04', 2, 1),
(1300, '2020-11-08 19:31:04', 3, 1),
(1301, '2020-11-08 19:31:04', 4, 1),
(1302, '2020-11-08 19:31:04', 5, 1),
(1303, '2020-11-08 19:31:04', 6, 0),
(1304, '2020-11-08 19:31:05', 7, 0),
(1305, '2020-11-08 19:32:05', 1, 1),
(1306, '2020-11-08 19:32:05', 2, 1),
(1307, '2020-11-08 19:32:05', 3, 1),
(1308, '2020-11-08 19:32:05', 4, 1),
(1309, '2020-11-08 19:32:05', 5, 1),
(1310, '2020-11-08 19:32:05', 6, 0),
(1311, '2020-11-08 19:32:05', 7, 0),
(1312, '2020-11-08 19:33:04', 1, 1),
(1313, '2020-11-08 19:33:04', 2, 1),
(1314, '2020-11-08 19:33:04', 3, 1),
(1315, '2020-11-08 19:33:04', 4, 1),
(1316, '2020-11-08 19:33:04', 5, 1),
(1317, '2020-11-08 19:33:04', 6, 0),
(1318, '2020-11-08 19:33:05', 7, 0),
(1319, '2020-11-08 19:34:05', 1, 1),
(1320, '2020-11-08 19:34:05', 2, 1),
(1321, '2020-11-08 19:34:05', 3, 1),
(1322, '2020-11-08 19:34:05', 4, 1),
(1323, '2020-11-08 19:34:05', 5, 1),
(1324, '2020-11-08 19:34:05', 6, 0),
(1325, '2020-11-08 19:34:05', 7, 0),
(1326, '2020-11-08 19:35:04', 1, 1),
(1327, '2020-11-08 19:35:04', 2, 1),
(1328, '2020-11-08 19:35:04', 3, 1),
(1329, '2020-11-08 19:35:04', 4, 1),
(1330, '2020-11-08 19:35:04', 5, 1),
(1331, '2020-11-08 19:35:04', 6, 0),
(1332, '2020-11-08 19:35:04', 7, 0),
(1333, '2020-11-08 19:36:05', 1, 1),
(1334, '2020-11-08 19:36:05', 2, 1),
(1335, '2020-11-08 19:36:05', 3, 1),
(1336, '2020-11-08 19:36:05', 4, 1),
(1337, '2020-11-08 19:36:05', 5, 1),
(1338, '2020-11-08 19:36:05', 6, 0),
(1339, '2020-11-08 19:36:05', 7, 0),
(1340, '2020-11-08 19:37:04', 1, 1),
(1341, '2020-11-08 19:37:04', 2, 1),
(1342, '2020-11-08 19:37:04', 3, 1),
(1343, '2020-11-08 19:37:04', 4, 1),
(1344, '2020-11-08 19:37:04', 5, 1),
(1345, '2020-11-08 19:37:04', 6, 0),
(1346, '2020-11-08 19:37:04', 7, 0),
(1347, '2020-11-08 19:38:05', 1, 1),
(1348, '2020-11-08 19:38:05', 2, 1),
(1349, '2020-11-08 19:38:05', 3, 1),
(1350, '2020-11-08 19:38:05', 4, 1),
(1351, '2020-11-08 19:38:05', 5, 1),
(1352, '2020-11-08 19:38:05', 6, 0),
(1353, '2020-11-08 19:38:05', 7, 0),
(1354, '2020-11-08 19:39:04', 1, 1),
(1355, '2020-11-08 19:39:04', 2, 1),
(1356, '2020-11-08 19:39:04', 3, 1),
(1357, '2020-11-08 19:39:04', 4, 1),
(1358, '2020-11-08 19:39:04', 5, 1),
(1359, '2020-11-08 19:39:04', 6, 0),
(1360, '2020-11-08 19:39:04', 7, 0),
(1361, '2020-11-08 19:40:05', 1, 1),
(1362, '2020-11-08 19:40:05', 2, 1),
(1363, '2020-11-08 19:40:05', 3, 1),
(1364, '2020-11-08 19:40:05', 4, 1),
(1365, '2020-11-08 19:40:05', 5, 1),
(1366, '2020-11-08 19:40:05', 6, 0),
(1367, '2020-11-08 19:40:05', 7, 0),
(1368, '2020-11-08 19:41:04', 1, 1),
(1369, '2020-11-08 19:41:04', 2, 1),
(1370, '2020-11-08 19:41:04', 3, 1),
(1371, '2020-11-08 19:41:04', 4, 1),
(1372, '2020-11-08 19:41:04', 5, 1),
(1373, '2020-11-08 19:41:04', 6, 0),
(1374, '2020-11-08 19:41:05', 7, 0),
(1375, '2020-11-08 19:41:36', 1, 1),
(1376, '2020-11-08 19:41:36', 2, 1),
(1377, '2020-11-08 19:41:36', 3, 1),
(1378, '2020-11-08 19:41:36', 4, 1),
(1379, '2020-11-08 19:41:36', 5, 1),
(1380, '2020-11-08 19:41:36', 6, 0),
(1381, '2020-11-08 19:41:36', 7, 0),
(1382, '2020-11-08 19:42:05', 1, 1),
(1383, '2020-11-08 19:42:05', 2, 1),
(1384, '2020-11-08 19:42:05', 3, 1),
(1385, '2020-11-08 19:42:05', 5, 1),
(1386, '2020-11-08 19:42:05', 4, 0),
(1387, '2020-11-08 19:42:05', 6, 0),
(1388, '2020-11-08 19:42:05', 7, 0),
(1389, '2020-11-08 19:43:04', 1, 1),
(1390, '2020-11-08 19:43:04', 2, 1),
(1391, '2020-11-08 19:43:04', 3, 1),
(1392, '2020-11-08 19:43:04', 4, 1),
(1393, '2020-11-08 19:43:04', 5, 1),
(1394, '2020-11-08 19:43:05', 6, 0),
(1395, '2020-11-08 19:43:05', 7, 0),
(1396, '2020-11-08 19:44:05', 1, 1),
(1397, '2020-11-08 19:44:05', 2, 1),
(1398, '2020-11-08 19:44:05', 3, 1),
(1399, '2020-11-08 19:44:05', 4, 1),
(1400, '2020-11-08 19:44:05', 5, 1),
(1401, '2020-11-08 19:44:05', 6, 0),
(1402, '2020-11-08 19:44:05', 7, 0),
(1403, '2020-11-08 19:45:04', 1, 1),
(1404, '2020-11-08 19:45:04', 2, 1),
(1405, '2020-11-08 19:45:04', 3, 1),
(1406, '2020-11-08 19:45:04', 4, 1),
(1407, '2020-11-08 19:45:04', 5, 1),
(1408, '2020-11-08 19:45:04', 6, 0),
(1409, '2020-11-08 19:45:04', 7, 0),
(1410, '2020-11-08 19:46:05', 1, 1),
(1411, '2020-11-08 19:46:05', 2, 1),
(1412, '2020-11-08 19:46:05', 3, 1),
(1413, '2020-11-08 19:46:05', 4, 1),
(1414, '2020-11-08 19:46:05', 5, 1),
(1415, '2020-11-08 19:46:05', 6, 0),
(1416, '2020-11-08 19:46:05', 7, 0),
(1417, '2020-11-08 19:47:04', 1, 1),
(1418, '2020-11-08 19:47:04', 2, 1),
(1419, '2020-11-08 19:47:04', 3, 1),
(1420, '2020-11-08 19:47:04', 4, 1),
(1421, '2020-11-08 19:47:04', 5, 1),
(1422, '2020-11-08 19:47:04', 6, 0),
(1423, '2020-11-08 19:47:04', 7, 0),
(1424, '2020-11-08 19:48:05', 1, 1),
(1425, '2020-11-08 19:48:05', 2, 1),
(1426, '2020-11-08 19:48:05', 3, 1),
(1427, '2020-11-08 19:48:05', 4, 1),
(1428, '2020-11-08 19:48:05', 5, 1),
(1429, '2020-11-08 19:48:05', 6, 0),
(1430, '2020-11-08 19:48:05', 7, 0),
(1431, '2020-11-08 19:49:04', 1, 1),
(1432, '2020-11-08 19:49:04', 2, 1),
(1433, '2020-11-08 19:49:04', 3, 1),
(1434, '2020-11-08 19:49:04', 4, 1),
(1435, '2020-11-08 19:49:04', 5, 1),
(1436, '2020-11-08 19:49:04', 6, 0),
(1437, '2020-11-08 19:49:05', 7, 0),
(1438, '2020-11-08 19:50:05', 1, 1),
(1439, '2020-11-08 19:50:05', 2, 1),
(1440, '2020-11-08 19:50:05', 3, 1),
(1441, '2020-11-08 19:50:05', 4, 1),
(1442, '2020-11-08 19:50:05', 5, 1),
(1443, '2020-11-08 19:50:05', 6, 0),
(1444, '2020-11-08 19:50:05', 7, 0),
(1445, '2020-11-08 19:51:04', 1, 1),
(1446, '2020-11-08 19:51:05', 2, 1),
(1447, '2020-11-08 19:51:05', 3, 1),
(1448, '2020-11-08 19:51:05', 4, 1),
(1449, '2020-11-08 19:51:05', 5, 1),
(1450, '2020-11-08 19:51:05', 6, 0),
(1451, '2020-11-08 19:51:05', 7, 0),
(1452, '2020-11-08 19:52:05', 1, 1),
(1453, '2020-11-08 19:52:05', 2, 1),
(1454, '2020-11-08 19:52:05', 3, 1),
(1455, '2020-11-08 19:52:05', 4, 1),
(1456, '2020-11-08 19:52:05', 5, 1),
(1457, '2020-11-08 19:52:05', 6, 0),
(1458, '2020-11-08 19:52:06', 7, 0),
(1459, '2020-11-08 19:53:05', 1, 1),
(1460, '2020-11-08 19:53:05', 2, 1),
(1461, '2020-11-08 19:53:05', 3, 1),
(1462, '2020-11-08 19:53:05', 4, 1),
(1463, '2020-11-08 19:53:05', 5, 1),
(1464, '2020-11-08 19:53:05', 6, 0),
(1465, '2020-11-08 19:53:05', 7, 0),
(1466, '2020-11-08 19:54:04', 1, 1),
(1467, '2020-11-08 19:54:04', 2, 1),
(1468, '2020-11-08 19:54:04', 3, 1),
(1469, '2020-11-08 19:54:05', 4, 1),
(1470, '2020-11-08 19:54:05', 5, 1),
(1471, '2020-11-08 19:54:05', 6, 0),
(1472, '2020-11-08 19:54:05', 7, 0),
(1473, '2020-11-08 19:55:05', 1, 1),
(1474, '2020-11-08 19:55:05', 2, 1),
(1475, '2020-11-08 19:55:05', 3, 1),
(1476, '2020-11-08 19:55:05', 4, 1),
(1477, '2020-11-08 19:55:05', 5, 1),
(1478, '2020-11-08 19:55:05', 6, 0),
(1479, '2020-11-08 19:55:05', 7, 0),
(1480, '2020-11-08 20:24:06', 1, 1),
(1481, '2020-11-08 20:24:06', 2, 1),
(1482, '2020-11-08 20:24:06', 3, 1),
(1483, '2020-11-08 20:24:07', 4, 1),
(1484, '2020-11-08 20:24:07', 5, 1),
(1485, '2020-11-08 20:24:07', 6, 0),
(1486, '2020-11-08 20:24:07', 7, 0),
(1487, '2020-11-17 08:37:42', 1, 1),
(1488, '2020-11-17 08:37:42', 2, 1),
(1489, '2020-11-17 08:37:42', 3, 1),
(1490, '2020-11-17 08:37:43', 4, 1),
(1491, '2020-11-17 08:37:43', 5, 1),
(1492, '2020-11-17 08:37:43', 6, 0),
(1493, '2020-11-17 08:37:43', 7, 0),
(1494, '2020-11-17 08:38:42', 1, 1),
(1495, '2020-11-17 08:38:42', 2, 1),
(1496, '2020-11-17 08:38:42', 3, 1),
(1497, '2020-11-17 08:38:43', 4, 1),
(1498, '2020-11-17 08:38:43', 5, 1),
(1499, '2020-11-17 08:38:43', 6, 0),
(1500, '2020-11-17 08:38:43', 7, 0),
(1501, '2020-11-17 08:39:43', 1, 1),
(1502, '2020-11-17 08:39:43', 2, 1),
(1503, '2020-11-17 08:39:43', 3, 1),
(1504, '2020-11-17 08:39:43', 4, 1),
(1505, '2020-11-17 08:39:43', 5, 1),
(1506, '2020-11-17 08:39:43', 6, 0),
(1507, '2020-11-17 08:39:43', 7, 0),
(1508, '2020-11-17 08:40:43', 1, 1),
(1509, '2020-11-17 08:40:43', 2, 1),
(1510, '2020-11-17 08:40:43', 3, 1),
(1511, '2020-11-17 08:40:43', 4, 1),
(1512, '2020-11-17 08:40:43', 5, 1),
(1513, '2020-11-17 08:40:43', 6, 0),
(1514, '2020-11-17 08:40:43', 7, 0),
(1515, '2020-11-17 08:41:42', 1, 1),
(1516, '2020-11-17 08:41:42', 2, 1),
(1517, '2020-11-17 08:41:42', 3, 1),
(1518, '2020-11-17 08:41:42', 4, 1),
(1519, '2020-11-17 08:41:42', 5, 1),
(1520, '2020-11-17 08:41:43', 6, 0),
(1521, '2020-11-17 08:41:43', 7, 0),
(1522, '2020-11-17 08:42:43', 1, 1),
(1523, '2020-11-17 08:42:43', 2, 1),
(1524, '2020-11-17 08:42:43', 3, 1),
(1525, '2020-11-17 08:42:43', 4, 1),
(1526, '2020-11-17 08:42:43', 5, 1),
(1527, '2020-11-17 08:42:43', 6, 0),
(1528, '2020-11-17 08:42:43', 7, 0),
(1529, '2020-11-17 08:43:42', 1, 1),
(1530, '2020-11-17 08:43:42', 2, 1),
(1531, '2020-11-17 08:43:42', 3, 1),
(1532, '2020-11-17 08:43:42', 4, 1),
(1533, '2020-11-17 08:43:42', 5, 1),
(1534, '2020-11-17 08:43:42', 6, 0),
(1535, '2020-11-17 08:43:43', 7, 0),
(1536, '2020-11-17 08:44:43', 1, 1),
(1537, '2020-11-17 08:44:43', 2, 1),
(1538, '2020-11-17 08:44:43', 3, 1),
(1539, '2020-11-17 08:44:43', 4, 1),
(1540, '2020-11-17 08:44:43', 5, 1),
(1541, '2020-11-17 08:44:43', 6, 0),
(1542, '2020-11-17 08:44:43', 7, 0),
(1543, '2020-11-17 08:45:42', 1, 1),
(1544, '2020-11-17 08:45:42', 2, 1),
(1545, '2020-11-17 08:45:42', 3, 1),
(1546, '2020-11-17 08:45:42', 4, 1),
(1547, '2020-11-17 08:45:42', 5, 1),
(1548, '2020-11-17 08:45:43', 6, 0),
(1549, '2020-11-17 08:45:43', 7, 0),
(1550, '2020-11-17 08:46:43', 1, 1),
(1551, '2020-11-17 08:46:43', 2, 1),
(1552, '2020-11-17 08:46:43', 3, 1),
(1553, '2020-11-17 08:46:43', 4, 1),
(1554, '2020-11-17 08:46:43', 5, 1),
(1555, '2020-11-17 08:46:43', 6, 0),
(1556, '2020-11-17 08:46:43', 7, 0),
(1557, '2020-11-17 08:47:42', 1, 1),
(1558, '2020-11-17 08:47:43', 2, 1),
(1559, '2020-11-17 08:47:43', 3, 1),
(1560, '2020-11-17 08:47:43', 4, 1),
(1561, '2020-11-17 08:47:43', 5, 1),
(1562, '2020-11-17 08:47:43', 6, 0),
(1563, '2020-11-17 08:47:43', 7, 0),
(1564, '2020-11-17 08:48:43', 1, 1),
(1565, '2020-11-17 08:48:43', 2, 1),
(1566, '2020-11-17 08:48:43', 3, 1),
(1567, '2020-11-17 08:48:43', 4, 1),
(1568, '2020-11-17 08:48:43', 5, 1),
(1569, '2020-11-17 08:48:43', 6, 0),
(1570, '2020-11-17 08:48:43', 7, 0),
(1571, '2020-11-17 08:49:42', 1, 1),
(1572, '2020-11-17 08:49:42', 2, 1),
(1573, '2020-11-17 08:49:43', 3, 1),
(1574, '2020-11-17 08:49:43', 4, 1),
(1575, '2020-11-17 08:49:43', 5, 1),
(1576, '2020-11-17 08:49:43', 6, 0),
(1577, '2020-11-17 08:49:43', 7, 0),
(1578, '2020-11-17 08:50:43', 1, 1),
(1579, '2020-11-17 08:50:43', 2, 1),
(1580, '2020-11-17 08:50:43', 3, 1),
(1581, '2020-11-17 08:50:43', 4, 1),
(1582, '2020-11-17 08:50:43', 5, 1),
(1583, '2020-11-17 08:50:43', 6, 0),
(1584, '2020-11-17 08:50:43', 7, 0),
(1585, '2020-11-17 08:51:42', 1, 1),
(1586, '2020-11-17 08:51:42', 2, 1),
(1587, '2020-11-17 08:51:42', 3, 1),
(1588, '2020-11-17 08:51:43', 4, 1),
(1589, '2020-11-17 08:51:43', 5, 1),
(1590, '2020-11-17 08:51:43', 6, 0),
(1591, '2020-11-17 08:51:43', 7, 0),
(1592, '2020-11-17 08:52:43', 1, 1),
(1593, '2020-11-17 08:52:43', 2, 1),
(1594, '2020-11-17 08:52:43', 3, 1),
(1595, '2020-11-17 08:52:43', 4, 1),
(1596, '2020-11-17 08:52:43', 5, 1),
(1597, '2020-11-17 08:52:43', 6, 0),
(1598, '2020-11-17 08:52:43', 7, 0),
(1599, '2020-11-17 08:53:42', 1, 1),
(1600, '2020-11-17 08:53:42', 2, 1),
(1601, '2020-11-17 08:53:42', 3, 1),
(1602, '2020-11-17 08:53:42', 4, 1),
(1603, '2020-11-17 08:53:42', 5, 1),
(1604, '2020-11-17 08:53:43', 6, 0),
(1605, '2020-11-17 08:53:43', 7, 0),
(1606, '2020-11-17 08:54:43', 1, 1),
(1607, '2020-11-17 08:54:43', 2, 1),
(1608, '2020-11-17 08:54:43', 3, 1),
(1609, '2020-11-17 08:54:43', 4, 1),
(1610, '2020-11-17 08:54:43', 5, 1),
(1611, '2020-11-17 08:54:43', 6, 0),
(1612, '2020-11-17 08:54:43', 7, 0),
(1613, '2020-11-17 08:55:42', 1, 1),
(1614, '2020-11-17 08:55:42', 2, 1),
(1615, '2020-11-17 08:55:42', 3, 1),
(1616, '2020-11-17 08:55:42', 4, 1),
(1617, '2020-11-17 08:55:42', 5, 1),
(1618, '2020-11-17 08:55:43', 6, 0),
(1619, '2020-11-17 08:55:43', 7, 0),
(1620, '2020-11-17 08:56:43', 1, 1),
(1621, '2020-11-17 08:56:43', 2, 1),
(1622, '2020-11-17 08:56:43', 3, 1),
(1623, '2020-11-17 08:56:43', 4, 1),
(1624, '2020-11-17 08:56:43', 5, 1),
(1625, '2020-11-17 08:56:44', 6, 0),
(1626, '2020-11-17 08:56:44', 7, 0),
(1627, '2020-11-17 08:57:43', 1, 1),
(1628, '2020-11-17 08:57:43', 2, 1),
(1629, '2020-11-17 08:57:43', 3, 1),
(1630, '2020-11-17 08:57:43', 4, 1),
(1631, '2020-11-17 08:57:43', 5, 1),
(1632, '2020-11-17 08:57:43', 6, 0),
(1633, '2020-11-17 08:57:43', 7, 0),
(1634, '2020-11-17 08:58:42', 1, 1),
(1635, '2020-11-17 08:58:42', 2, 1),
(1636, '2020-11-17 08:58:42', 3, 1),
(1637, '2020-11-17 08:58:42', 4, 1),
(1638, '2020-11-17 08:58:43', 5, 1),
(1639, '2020-11-17 08:58:43', 6, 0),
(1640, '2020-11-17 08:58:43', 7, 0),
(1641, '2020-11-17 08:59:43', 1, 1),
(1642, '2020-11-17 08:59:43', 2, 1),
(1643, '2020-11-17 08:59:43', 3, 1),
(1644, '2020-11-17 08:59:43', 4, 1),
(1645, '2020-11-17 08:59:43', 5, 1),
(1646, '2020-11-17 08:59:43', 6, 0),
(1647, '2020-11-17 08:59:43', 7, 0),
(1648, '2020-11-17 09:00:42', 1, 1),
(1649, '2020-11-17 09:00:43', 2, 1),
(1650, '2020-11-17 09:00:43', 3, 1),
(1651, '2020-11-17 09:00:43', 4, 1),
(1652, '2020-11-17 09:00:43', 5, 1),
(1653, '2020-11-17 09:00:43', 6, 0),
(1654, '2020-11-17 09:00:43', 7, 0),
(1655, '2020-11-17 09:01:42', 1, 1),
(1656, '2020-11-17 09:01:42', 2, 1),
(1657, '2020-11-17 09:01:42', 3, 1),
(1658, '2020-11-17 09:01:42', 4, 1),
(1659, '2020-11-17 09:01:42', 5, 1),
(1660, '2020-11-17 09:01:42', 6, 0),
(1661, '2020-11-17 09:01:42', 7, 0),
(1662, '2020-11-17 09:02:43', 1, 1),
(1663, '2020-11-17 09:02:43', 2, 1),
(1664, '2020-11-17 09:02:43', 3, 1),
(1665, '2020-11-17 09:02:43', 4, 1),
(1666, '2020-11-17 09:02:43', 5, 1),
(1667, '2020-11-17 09:02:43', 6, 0),
(1668, '2020-11-17 09:02:43', 7, 0),
(1669, '2020-11-17 09:03:43', 1, 1),
(1670, '2020-11-17 09:03:43', 2, 1),
(1671, '2020-11-17 09:03:43', 3, 1),
(1672, '2020-11-17 09:03:43', 4, 1),
(1673, '2020-11-17 09:03:43', 5, 1),
(1674, '2020-11-17 09:03:43', 6, 0),
(1675, '2020-11-17 09:03:43', 7, 0),
(1676, '2020-11-17 09:04:42', 1, 1),
(1677, '2020-11-17 09:04:43', 2, 1),
(1678, '2020-11-17 09:04:43', 3, 1),
(1679, '2020-11-17 09:04:43', 4, 1),
(1680, '2020-11-17 09:04:43', 5, 1),
(1681, '2020-11-17 09:04:43', 6, 0),
(1682, '2020-11-17 09:04:43', 7, 0),
(1683, '2020-11-17 09:05:43', 1, 1),
(1684, '2020-11-17 09:05:43', 2, 1),
(1685, '2020-11-17 09:05:43', 3, 1),
(1686, '2020-11-17 09:05:43', 4, 1),
(1687, '2020-11-17 09:05:43', 5, 1),
(1688, '2020-11-17 09:05:43', 6, 0),
(1689, '2020-11-17 09:05:43', 7, 0),
(1690, '2020-11-17 09:06:43', 1, 1),
(1691, '2020-11-17 09:06:43', 2, 1),
(1692, '2020-11-17 09:06:43', 3, 1),
(1693, '2020-11-17 09:06:43', 4, 1),
(1694, '2020-11-17 09:06:43', 5, 1),
(1695, '2020-11-17 09:06:43', 6, 0),
(1696, '2020-11-17 09:06:43', 7, 0),
(1697, '2020-11-17 09:07:43', 1, 1),
(1698, '2020-11-17 09:07:43', 2, 1),
(1699, '2020-11-17 09:07:43', 3, 1),
(1700, '2020-11-17 09:07:43', 4, 1),
(1701, '2020-11-17 09:07:43', 5, 1),
(1702, '2020-11-17 09:07:43', 6, 0),
(1703, '2020-11-17 09:07:43', 7, 0),
(1704, '2020-11-17 09:08:43', 1, 1),
(1705, '2020-11-17 09:08:43', 2, 1),
(1706, '2020-11-17 09:08:43', 3, 1),
(1707, '2020-11-17 09:08:43', 4, 1),
(1708, '2020-11-17 09:08:43', 5, 1),
(1709, '2020-11-17 09:08:43', 6, 0),
(1710, '2020-11-17 09:08:43', 7, 0),
(1711, '2020-11-17 09:09:43', 1, 1),
(1712, '2020-11-17 09:09:43', 2, 1),
(1713, '2020-11-17 09:09:43', 3, 1),
(1714, '2020-11-17 09:09:43', 4, 1),
(1715, '2020-11-17 09:09:43', 5, 1),
(1716, '2020-11-17 09:09:43', 6, 0),
(1717, '2020-11-17 09:09:43', 7, 0),
(1718, '2020-11-17 09:10:42', 1, 1),
(1719, '2020-11-17 09:10:42', 2, 1),
(1720, '2020-11-17 09:10:42', 3, 1),
(1721, '2020-11-17 09:10:43', 4, 1),
(1722, '2020-11-17 09:10:43', 5, 1),
(1723, '2020-11-17 09:10:43', 6, 0),
(1724, '2020-11-17 09:10:43', 7, 0),
(1725, '2020-11-17 09:11:43', 1, 1),
(1726, '2020-11-17 09:11:43', 2, 1),
(1727, '2020-11-17 09:11:43', 3, 1),
(1728, '2020-11-17 09:11:43', 4, 1),
(1729, '2020-11-17 09:11:43', 5, 1),
(1730, '2020-11-17 09:11:43', 6, 0),
(1731, '2020-11-17 09:11:43', 7, 0),
(1732, '2020-11-17 09:12:42', 1, 1),
(1733, '2020-11-17 09:12:42', 2, 1),
(1734, '2020-11-17 09:12:42', 3, 1),
(1735, '2020-11-17 09:12:43', 4, 1),
(1736, '2020-11-17 09:12:43', 5, 1),
(1737, '2020-11-17 09:12:43', 6, 0),
(1738, '2020-11-17 09:12:43', 7, 0),
(1739, '2020-11-17 09:13:43', 1, 1),
(1740, '2020-11-17 09:13:43', 2, 1),
(1741, '2020-11-17 09:13:43', 3, 1),
(1742, '2020-11-17 09:13:43', 4, 1),
(1743, '2020-11-17 09:13:43', 5, 1),
(1744, '2020-11-17 09:13:43', 6, 0),
(1745, '2020-11-17 09:13:43', 7, 0),
(1746, '2020-11-17 23:21:34', 1, 1),
(1747, '2020-11-17 23:21:34', 2, 1),
(1748, '2020-11-17 23:21:34', 3, 1),
(1749, '2020-11-17 23:21:34', 4, 1),
(1750, '2020-11-17 23:21:34', 5, 1),
(1751, '2020-11-17 23:21:34', 6, 0),
(1752, '2020-11-17 23:21:34', 7, 0),
(1753, '2020-11-17 23:22:16', 1, 1),
(1754, '2020-11-17 23:22:16', 2, 1),
(1755, '2020-11-17 23:22:16', 3, 1),
(1756, '2020-11-17 23:22:16', 4, 1),
(1757, '2020-11-17 23:22:16', 5, 1),
(1758, '2020-11-17 23:22:16', 6, 0),
(1759, '2020-11-17 23:22:16', 7, 0),
(1760, '2020-11-17 23:22:32', 1, 1),
(1761, '2020-11-17 23:22:32', 2, 1),
(1762, '2020-11-17 23:22:32', 3, 1),
(1763, '2020-11-17 23:22:32', 4, 1),
(1764, '2020-11-17 23:22:32', 5, 1),
(1765, '2020-11-17 23:22:32', 6, 0),
(1766, '2020-11-17 23:22:32', 7, 0),
(1767, '2020-11-17 23:23:33', 1, 1),
(1768, '2020-11-17 23:23:33', 2, 1),
(1769, '2020-11-17 23:23:33', 3, 1),
(1770, '2020-11-17 23:23:33', 4, 1),
(1771, '2020-11-17 23:23:33', 5, 1),
(1772, '2020-11-17 23:23:33', 6, 0),
(1773, '2020-11-17 23:23:33', 7, 0),
(1774, '2020-11-17 23:23:52', 1, 1),
(1775, '2020-11-17 23:23:52', 2, 1),
(1776, '2020-11-17 23:23:52', 3, 1),
(1777, '2020-11-17 23:23:52', 4, 1),
(1778, '2020-11-17 23:23:52', 5, 1),
(1779, '2020-11-17 23:23:52', 6, 0),
(1780, '2020-11-17 23:23:52', 7, 0),
(1781, '2020-11-17 23:24:06', 1, 1),
(1782, '2020-11-17 23:24:06', 2, 1),
(1783, '2020-11-17 23:24:06', 3, 1),
(1784, '2020-11-17 23:24:06', 4, 1),
(1785, '2020-11-17 23:24:06', 5, 1),
(1786, '2020-11-17 23:24:06', 6, 0),
(1787, '2020-11-17 23:24:06', 7, 0),
(1788, '2020-11-17 23:24:32', 1, 1),
(1789, '2020-11-17 23:24:32', 2, 1),
(1790, '2020-11-17 23:24:32', 3, 1),
(1791, '2020-11-17 23:24:33', 4, 1),
(1792, '2020-11-17 23:24:33', 5, 1),
(1793, '2020-11-17 23:24:33', 6, 0),
(1794, '2020-11-17 23:24:33', 7, 0),
(1795, '2020-11-17 23:25:32', 1, 1),
(1796, '2020-11-17 23:25:32', 2, 1),
(1797, '2020-11-17 23:25:32', 3, 1),
(1798, '2020-11-17 23:25:32', 4, 1),
(1799, '2020-11-17 23:25:32', 5, 1),
(1800, '2020-11-17 23:25:32', 6, 0),
(1801, '2020-11-17 23:25:32', 7, 0),
(1802, '2020-11-17 23:26:32', 1, 1),
(1803, '2020-11-17 23:26:32', 2, 1),
(1804, '2020-11-17 23:26:32', 3, 1),
(1805, '2020-11-17 23:26:33', 4, 1),
(1806, '2020-11-17 23:26:33', 5, 1),
(1807, '2020-11-17 23:26:33', 6, 0),
(1808, '2020-11-17 23:26:33', 7, 0),
(1809, '2020-11-17 23:30:32', 1, 1),
(1810, '2020-11-17 23:30:32', 2, 1),
(1811, '2020-11-17 23:30:32', 3, 1),
(1812, '2020-11-17 23:30:32', 4, 1),
(1813, '2020-11-17 23:30:32', 5, 1),
(1814, '2020-11-17 23:30:32', 6, 0),
(1815, '2020-11-17 23:30:32', 7, 0),
(1816, '2020-11-17 23:31:32', 1, 1),
(1817, '2020-11-17 23:31:32', 2, 1),
(1818, '2020-11-17 23:31:32', 3, 1),
(1819, '2020-11-17 23:31:32', 4, 1),
(1820, '2020-11-17 23:31:33', 5, 1),
(1821, '2020-11-17 23:31:33', 6, 0),
(1822, '2020-11-17 23:31:33', 7, 0),
(1823, '2020-11-17 23:32:32', 1, 1),
(1824, '2020-11-17 23:32:32', 2, 1),
(1825, '2020-11-17 23:32:33', 3, 1),
(1826, '2020-11-17 23:32:33', 4, 1),
(1827, '2020-11-17 23:32:33', 5, 1),
(1828, '2020-11-17 23:32:33', 6, 0),
(1829, '2020-11-17 23:32:33', 7, 0),
(1830, '2020-11-17 23:33:33', 1, 1),
(1831, '2020-11-17 23:33:33', 2, 1),
(1832, '2020-11-17 23:33:33', 3, 1),
(1833, '2020-11-17 23:33:33', 4, 1),
(1834, '2020-11-17 23:33:33', 5, 1),
(1835, '2020-11-17 23:33:33', 6, 0),
(1836, '2020-11-17 23:33:33', 7, 0),
(1837, '2020-11-17 23:34:32', 1, 1),
(1838, '2020-11-17 23:34:32', 2, 1),
(1839, '2020-11-17 23:34:32', 3, 1),
(1840, '2020-11-17 23:34:32', 4, 1),
(1841, '2020-11-17 23:34:32', 5, 1),
(1842, '2020-11-17 23:34:32', 6, 0),
(1843, '2020-11-17 23:34:33', 7, 0),
(1844, '2020-11-17 23:35:33', 1, 1),
(1845, '2020-11-17 23:35:33', 2, 1),
(1846, '2020-11-17 23:35:33', 3, 1),
(1847, '2020-11-17 23:35:33', 5, 1),
(1848, '2020-11-17 23:35:33', 4, 0),
(1849, '2020-11-17 23:35:33', 6, 0),
(1850, '2020-11-17 23:35:33', 7, 0),
(1851, '2020-11-17 23:36:32', 1, 1),
(1852, '2020-11-17 23:36:32', 2, 1),
(1853, '2020-11-17 23:36:32', 3, 1),
(1854, '2020-11-17 23:36:32', 4, 1),
(1855, '2020-11-17 23:36:32', 5, 1),
(1856, '2020-11-17 23:36:32', 6, 0),
(1857, '2020-11-17 23:36:33', 7, 0),
(1858, '2020-11-17 23:37:32', 1, 1),
(1859, '2020-11-17 23:37:32', 2, 1),
(1860, '2020-11-17 23:37:32', 3, 1),
(1861, '2020-11-17 23:37:32', 4, 1),
(1862, '2020-11-17 23:37:32', 5, 1),
(1863, '2020-11-17 23:37:32', 6, 0),
(1864, '2020-11-17 23:37:32', 7, 0),
(1865, '2020-11-17 23:38:32', 1, 1),
(1866, '2020-11-17 23:38:32', 2, 1),
(1867, '2020-11-17 23:38:32', 3, 1),
(1868, '2020-11-17 23:38:32', 4, 1),
(1869, '2020-11-17 23:38:33', 5, 1),
(1870, '2020-11-17 23:38:33', 6, 0),
(1871, '2020-11-17 23:38:33', 7, 0),
(1872, '2020-11-17 23:39:32', 1, 1),
(1873, '2020-11-17 23:39:32', 2, 1),
(1874, '2020-11-17 23:39:32', 3, 1),
(1875, '2020-11-17 23:39:32', 4, 1),
(1876, '2020-11-17 23:39:32', 5, 1),
(1877, '2020-11-17 23:39:32', 6, 0),
(1878, '2020-11-17 23:39:32', 7, 0),
(1879, '2020-11-17 23:40:32', 1, 1),
(1880, '2020-11-17 23:40:32', 2, 1),
(1881, '2020-11-17 23:40:32', 3, 1),
(1882, '2020-11-17 23:40:32', 4, 1),
(1883, '2020-11-17 23:40:32', 5, 1),
(1884, '2020-11-17 23:40:32', 6, 0),
(1885, '2020-11-17 23:40:33', 7, 0),
(1886, '2020-11-17 23:41:32', 1, 1),
(1887, '2020-11-17 23:41:32', 2, 1),
(1888, '2020-11-17 23:41:32', 3, 1),
(1889, '2020-11-17 23:41:32', 4, 1),
(1890, '2020-11-17 23:41:32', 5, 1),
(1891, '2020-11-17 23:41:32', 6, 0),
(1892, '2020-11-17 23:41:32', 7, 0),
(1893, '2020-11-17 23:42:32', 1, 1),
(1894, '2020-11-17 23:42:32', 2, 1),
(1895, '2020-11-17 23:42:33', 3, 1),
(1896, '2020-11-17 23:42:33', 4, 1),
(1897, '2020-11-17 23:42:33', 5, 1),
(1898, '2020-11-17 23:42:33', 6, 0),
(1899, '2020-11-17 23:42:33', 7, 0),
(1900, '2020-11-17 23:43:32', 1, 1),
(1901, '2020-11-17 23:43:32', 2, 1),
(1902, '2020-11-17 23:43:32', 3, 1),
(1903, '2020-11-17 23:43:32', 4, 1),
(1904, '2020-11-17 23:43:32', 5, 1),
(1905, '2020-11-17 23:43:32', 6, 0),
(1906, '2020-11-17 23:43:32', 7, 0),
(1907, '2020-11-17 23:44:33', 1, 1),
(1908, '2020-11-17 23:44:33', 2, 1),
(1909, '2020-11-17 23:44:33', 3, 1),
(1910, '2020-11-17 23:44:33', 4, 1),
(1911, '2020-11-17 23:44:33', 5, 1),
(1912, '2020-11-17 23:44:33', 6, 0),
(1913, '2020-11-17 23:44:33', 7, 0),
(1914, '2020-11-17 23:45:02', 1, 1),
(1915, '2020-11-17 23:45:03', 2, 1),
(1916, '2020-11-17 23:45:03', 3, 1),
(1917, '2020-11-17 23:45:03', 4, 1),
(1918, '2020-11-17 23:45:03', 5, 1),
(1919, '2020-11-17 23:45:32', 6, 0),
(1920, '2020-11-17 23:45:32', 7, 0),
(1921, '2020-11-17 23:45:32', 1, 1),
(1922, '2020-11-17 23:45:32', 2, 1),
(1923, '2020-11-17 23:45:33', 4, 1),
(1924, '2020-11-17 23:45:33', 5, 1),
(1925, '2020-11-17 23:46:32', 1, 1),
(1926, '2020-11-17 23:46:32', 2, 1),
(1927, '2020-11-17 23:46:32', 4, 1),
(1928, '2020-11-17 23:46:32', 5, 1),
(1929, '2020-11-17 23:46:32', 6, 0),
(1930, '2020-11-17 23:46:32', 7, 0),
(1931, '2020-11-17 23:46:32', 3, 1),
(1932, '2020-11-17 23:47:33', 1, 1),
(1933, '2020-11-17 23:47:33', 2, 1),
(1934, '2020-11-17 23:47:33', 3, 1),
(1935, '2020-11-17 23:47:33', 4, 1),
(1936, '2020-11-17 23:47:33', 5, 1),
(1937, '2020-11-17 23:47:33', 6, 0),
(1938, '2020-11-17 23:47:33', 7, 0),
(1939, '2020-11-17 23:48:32', 1, 1),
(1940, '2020-11-17 23:48:32', 2, 1),
(1941, '2020-11-17 23:48:32', 3, 1),
(1942, '2020-11-17 23:48:32', 4, 1),
(1943, '2020-11-17 23:48:32', 5, 1),
(1944, '2020-11-17 23:48:33', 6, 0),
(1945, '2020-11-17 23:48:33', 7, 0),
(1946, '2020-11-17 23:49:32', 1, 1),
(1947, '2020-11-17 23:49:32', 2, 1),
(1948, '2020-11-17 23:49:32', 3, 1),
(1949, '2020-11-17 23:49:32', 4, 1),
(1950, '2020-11-17 23:49:32', 5, 1),
(1951, '2020-11-17 23:49:32', 6, 0),
(1952, '2020-11-17 23:49:32', 7, 0),
(1953, '2020-11-17 23:50:32', 1, 1),
(1954, '2020-11-17 23:50:32', 2, 1),
(1955, '2020-11-17 23:50:32', 3, 1),
(1956, '2020-11-17 23:50:32', 4, 1),
(1957, '2020-11-17 23:50:33', 5, 1),
(1958, '2020-11-17 23:50:33', 6, 0),
(1959, '2020-11-17 23:50:33', 7, 0),
(1960, '2020-11-17 23:51:32', 1, 1),
(1961, '2020-11-17 23:51:32', 2, 1),
(1962, '2020-11-17 23:51:32', 3, 1),
(1963, '2020-11-17 23:51:32', 4, 1),
(1964, '2020-11-17 23:51:32', 5, 1),
(1965, '2020-11-17 23:51:32', 6, 0),
(1966, '2020-11-17 23:51:32', 7, 0),
(1967, '2020-11-17 23:52:32', 1, 1),
(1968, '2020-11-17 23:52:32', 2, 1),
(1969, '2020-11-17 23:52:32', 3, 1),
(1970, '2020-11-17 23:52:33', 4, 1),
(1971, '2020-11-17 23:52:33', 5, 1),
(1972, '2020-11-17 23:52:33', 6, 0),
(1973, '2020-11-17 23:52:33', 7, 0),
(1974, '2020-11-17 23:53:32', 1, 1),
(1975, '2020-11-17 23:53:32', 2, 1),
(1976, '2020-11-17 23:53:32', 3, 1),
(1977, '2020-11-17 23:53:32', 4, 1),
(1978, '2020-11-17 23:53:32', 5, 1),
(1979, '2020-11-17 23:53:32', 6, 0),
(1980, '2020-11-17 23:53:32', 7, 0),
(1981, '2020-11-17 23:54:32', 1, 1),
(1982, '2020-11-17 23:54:33', 2, 1),
(1983, '2020-11-17 23:54:33', 3, 1),
(1984, '2020-11-17 23:54:33', 4, 1),
(1985, '2020-11-17 23:54:33', 5, 1),
(1986, '2020-11-17 23:54:33', 6, 0),
(1987, '2020-11-17 23:54:33', 7, 0),
(1988, '2020-11-17 23:55:32', 1, 1),
(1989, '2020-11-17 23:55:32', 2, 1),
(1990, '2020-11-17 23:55:32', 3, 1),
(1991, '2020-11-17 23:55:32', 4, 1),
(1992, '2020-11-17 23:55:32', 5, 1),
(1993, '2020-11-17 23:55:32', 6, 0),
(1994, '2020-11-17 23:55:32', 7, 0),
(1995, '2020-11-17 23:56:33', 1, 1),
(1996, '2020-11-17 23:56:33', 2, 1),
(1997, '2020-11-17 23:56:33', 3, 1),
(1998, '2020-11-17 23:56:33', 4, 1),
(1999, '2020-11-17 23:56:33', 5, 1),
(2000, '2020-11-17 23:56:33', 6, 0),
(2001, '2020-11-17 23:56:33', 7, 0),
(2002, '2020-11-17 23:57:32', 1, 1),
(2003, '2020-11-17 23:57:32', 2, 1),
(2004, '2020-11-17 23:57:32', 3, 1),
(2005, '2020-11-17 23:57:32', 4, 1),
(2006, '2020-11-17 23:57:32', 5, 1),
(2007, '2020-11-17 23:57:32', 6, 0),
(2008, '2020-11-17 23:57:32', 7, 0),
(2009, '2020-11-17 23:58:33', 1, 1),
(2010, '2020-11-17 23:58:33', 2, 1),
(2011, '2020-11-17 23:58:33', 3, 1),
(2012, '2020-11-17 23:58:33', 4, 1),
(2013, '2020-11-17 23:58:33', 5, 1),
(2014, '2020-11-17 23:58:33', 6, 0),
(2015, '2020-11-17 23:58:33', 7, 0),
(2016, '2020-11-17 23:59:32', 1, 1),
(2017, '2020-11-17 23:59:32', 2, 1),
(2018, '2020-11-17 23:59:32', 3, 1),
(2019, '2020-11-17 23:59:32', 4, 1),
(2020, '2020-11-17 23:59:32', 5, 1),
(2021, '2020-11-17 23:59:32', 6, 0),
(2022, '2020-11-17 23:59:33', 7, 0),
(2023, '2020-11-18 00:00:32', 1, 1),
(2024, '2020-11-18 00:00:32', 2, 1),
(2025, '2020-11-18 00:00:32', 3, 1),
(2026, '2020-11-18 00:00:32', 4, 1),
(2027, '2020-11-18 00:00:32', 5, 1),
(2028, '2020-11-18 00:00:32', 6, 0),
(2029, '2020-11-18 00:00:32', 7, 0),
(2030, '2020-11-18 00:01:32', 1, 1),
(2031, '2020-11-18 00:01:32', 2, 1),
(2032, '2020-11-18 00:01:32', 3, 1),
(2033, '2020-11-18 00:01:32', 4, 1),
(2034, '2020-11-18 00:01:32', 5, 1),
(2035, '2020-11-18 00:01:32', 6, 0),
(2036, '2020-11-18 00:01:32', 7, 0),
(2037, '2020-11-18 00:02:33', 1, 1),
(2038, '2020-11-18 00:02:33', 2, 1),
(2039, '2020-11-18 00:02:33', 3, 1),
(2040, '2020-11-18 00:02:33', 4, 1),
(2041, '2020-11-18 00:02:33', 5, 1),
(2042, '2020-11-18 00:02:33', 6, 0),
(2043, '2020-11-18 00:02:34', 7, 0),
(2044, '2020-11-18 00:03:32', 1, 1),
(2045, '2020-11-18 00:03:32', 2, 1),
(2046, '2020-11-18 00:03:32', 3, 1),
(2047, '2020-11-18 00:03:32', 4, 1),
(2048, '2020-11-18 00:03:32', 5, 1),
(2049, '2020-11-18 00:03:32', 6, 0),
(2050, '2020-11-18 00:03:32', 7, 0),
(2051, '2020-11-21 15:36:19', 1, 1),
(2052, '2020-11-21 15:36:19', 2, 1),
(2053, '2020-11-21 15:36:19', 3, 1),
(2054, '2020-11-21 15:36:19', 4, 0),
(2055, '2020-11-21 15:36:19', 5, 0),
(2056, '2020-11-21 15:36:20', 6, 0),
(2057, '2020-11-21 15:36:20', 7, 0),
(2058, '2020-11-21 15:36:47', 1, 1),
(2059, '2020-11-21 15:36:47', 2, 1),
(2060, '2020-11-21 15:36:47', 3, 1),
(2061, '2020-11-21 15:36:47', 4, 0),
(2062, '2020-11-21 15:36:47', 5, 0),
(2063, '2020-11-21 15:36:47', 6, 0),
(2064, '2020-11-21 15:36:47', 7, 0),
(2065, '2020-11-21 15:37:18', 1, 1),
(2066, '2020-11-21 15:37:18', 2, 1),
(2067, '2020-11-21 15:37:18', 3, 1),
(2068, '2020-11-21 15:37:18', 4, 0),
(2069, '2020-11-21 15:37:18', 5, 0),
(2070, '2020-11-21 15:37:18', 6, 0),
(2071, '2020-11-21 15:37:18', 7, 0),
(2072, '2020-11-21 15:38:18', 1, 1),
(2073, '2020-11-21 15:38:18', 2, 1),
(2074, '2020-11-21 15:38:18', 3, 0),
(2075, '2020-11-21 15:38:18', 4, 0),
(2076, '2020-11-21 15:38:18', 5, 0),
(2077, '2020-11-21 15:38:18', 6, 0),
(2078, '2020-11-21 15:38:19', 7, 0),
(2079, '2020-11-21 15:39:18', 1, 1),
(2080, '2020-11-21 15:39:18', 2, 1),
(2081, '2020-11-21 15:39:18', 3, 1),
(2082, '2020-11-21 15:39:18', 4, 0),
(2083, '2020-11-21 15:39:18', 5, 0),
(2084, '2020-11-21 15:39:18', 6, 0),
(2085, '2020-11-21 15:39:18', 7, 0),
(2086, '2020-11-21 15:40:18', 1, 1),
(2087, '2020-11-21 15:40:18', 2, 1),
(2088, '2020-11-21 15:40:18', 3, 1),
(2089, '2020-11-21 15:40:18', 4, 0),
(2090, '2020-11-21 15:40:18', 5, 0),
(2091, '2020-11-21 15:40:18', 6, 0),
(2092, '2020-11-21 15:40:18', 7, 0),
(2093, '2020-11-21 15:41:18', 1, 1),
(2094, '2020-11-21 15:41:18', 2, 1),
(2095, '2020-11-21 15:41:18', 3, 1),
(2096, '2020-11-21 15:41:18', 4, 0),
(2097, '2020-11-21 15:41:18', 5, 0),
(2098, '2020-11-21 15:41:18', 6, 0),
(2099, '2020-11-21 15:41:18', 7, 0),
(2100, '2020-11-21 15:42:18', 1, 1),
(2101, '2020-11-21 15:42:18', 2, 1),
(2102, '2020-11-21 15:42:18', 3, 1),
(2103, '2020-11-21 15:42:18', 6, 1),
(2104, '2020-11-21 15:42:18', 7, 1),
(2105, '2020-11-21 15:42:18', 4, 0),
(2106, '2020-11-21 15:42:18', 5, 0),
(2107, '2020-11-21 15:42:19', 8, 1),
(2108, '2020-11-21 15:43:18', 1, 1),
(2109, '2020-11-21 15:43:18', 2, 1),
(2110, '2020-11-21 15:43:18', 3, 1),
(2111, '2020-11-21 15:43:18', 6, 1),
(2112, '2020-11-21 15:43:18', 7, 1),
(2113, '2020-11-21 15:43:18', 4, 0),
(2114, '2020-11-21 15:43:18', 5, 0),
(2115, '2020-11-21 15:43:18', 8, 1),
(2116, '2020-11-21 15:44:17', 1, 1),
(2117, '2020-11-21 15:44:18', 2, 1),
(2118, '2020-11-21 15:44:18', 3, 1),
(2119, '2020-11-21 15:44:18', 6, 1),
(2120, '2020-11-21 15:44:18', 7, 1),
(2121, '2020-11-21 15:44:18', 4, 0),
(2122, '2020-11-21 15:44:18', 5, 0),
(2123, '2020-11-21 15:44:18', 8, 1),
(2124, '2020-11-24 00:00:00', 5, 1),
(2125, '2020-12-10 01:53:57', 1, 1),
(2126, '2020-12-10 01:53:57', 2, 1),
(2127, '2020-12-10 01:53:57', 3, 0),
(2128, '2020-12-10 01:53:57', 5, 0),
(2129, '2020-12-10 01:53:57', 6, 0),
(2130, '2020-12-10 01:53:58', 7, 0),
(2131, '2020-12-10 01:56:29', 1, 1),
(2132, '2020-12-10 01:56:29', 2, 1),
(2133, '2020-12-10 01:56:29', 3, 0),
(2134, '2020-12-10 01:56:30', 5, 0),
(2135, '2020-12-10 01:56:30', 6, 0),
(2136, '2020-12-10 01:56:30', 7, 0),
(2137, '2020-12-10 01:56:30', 4, 1),
(2138, '2020-12-10 02:06:00', 1, 1),
(2139, '2020-12-10 02:06:01', 2, 1),
(2140, '2020-12-10 02:06:01', 3, 0),
(2141, '2020-12-10 02:06:01', 5, 0),
(2142, '2020-12-10 02:06:01', 6, 0),
(2143, '2020-12-10 02:06:01', 7, 0),
(2144, '2020-12-10 02:08:04', 1, 1),
(2145, '2020-12-10 02:08:04', 2, 1),
(2146, '2020-12-10 02:08:04', 3, 0),
(2147, '2020-12-10 02:08:04', 5, 0),
(2148, '2020-12-10 02:08:04', 6, 0),
(2149, '2020-12-10 02:08:04', 7, 0),
(2150, '2020-12-10 02:08:04', 4, 1),
(2151, '2020-12-10 02:08:33', 2, 1),
(2152, '2020-12-10 02:08:33', 1, 0),
(2153, '2020-12-10 02:08:33', 3, 0),
(2154, '2020-12-10 02:08:33', 5, 0),
(2155, '2020-12-10 02:08:33', 6, 0),
(2156, '2020-12-10 02:08:33', 7, 0),
(2157, '2020-12-10 02:08:33', 4, 1),
(2158, '2020-12-10 02:13:40', 1, 1),
(2159, '2020-12-10 02:13:40', 2, 1),
(2160, '2020-12-10 02:13:40', 3, 0),
(2161, '2020-12-10 02:13:40', 5, 0),
(2162, '2020-12-10 02:13:41', 6, 0),
(2163, '2020-12-10 02:13:41', 7, 0),
(2164, '2020-12-10 02:13:41', 4, 1),
(2165, '2020-12-10 02:46:12', 1, 1),
(2166, '2020-12-10 02:46:12', 2, 1),
(2167, '2020-12-10 02:46:12', 3, 0),
(2168, '2020-12-10 02:46:12', 5, 0),
(2169, '2020-12-10 02:46:12', 6, 0),
(2170, '2020-12-10 02:46:12', 7, 0),
(2171, '2020-12-10 02:47:12', 1, 1),
(2172, '2020-12-10 02:47:12', 2, 1),
(2173, '2020-12-10 02:47:12', 3, 0),
(2174, '2020-12-10 02:47:12', 5, 0),
(2175, '2020-12-10 02:47:12', 6, 0),
(2176, '2020-12-10 02:47:12', 7, 0),
(2177, '2020-12-10 02:47:12', 4, 1),
(2178, '2020-12-10 02:48:12', 1, 1),
(2179, '2020-12-10 02:48:12', 2, 1),
(2180, '2020-12-10 02:48:12', 3, 0),
(2181, '2020-12-10 02:48:12', 5, 0),
(2182, '2020-12-10 02:48:12', 6, 0),
(2183, '2020-12-10 02:48:12', 7, 0),
(2184, '2020-12-10 02:48:12', 4, 1),
(2185, '2020-12-10 02:49:11', 1, 1),
(2186, '2020-12-10 02:49:12', 2, 1),
(2187, '2020-12-10 02:49:12', 3, 0),
(2188, '2020-12-10 02:49:12', 5, 0),
(2189, '2020-12-10 02:49:12', 6, 0),
(2190, '2020-12-10 02:49:12', 7, 0),
(2191, '2020-12-10 02:49:12', 4, 1),
(2192, '2020-12-10 02:51:12', 1, 1),
(2193, '2020-12-10 02:51:12', 2, 1),
(2194, '2020-12-10 02:51:12', 3, 0),
(2195, '2020-12-10 02:51:12', 5, 0),
(2196, '2020-12-10 02:51:12', 6, 0),
(2197, '2020-12-10 02:51:12', 7, 0),
(2198, '2020-12-10 02:51:12', 8, 0),
(2199, '2020-12-10 02:51:12', 4, 1),
(2200, '2020-12-10 02:55:13', 1, 1),
(2201, '2020-12-10 02:55:13', 2, 1),
(2202, '2020-12-10 02:55:13', 3, 0),
(2203, '2020-12-10 02:55:13', 5, 0),
(2204, '2020-12-10 02:55:13', 6, 0),
(2205, '2020-12-10 02:55:13', 7, 0),
(2206, '2020-12-10 02:55:13', 8, 0),
(2207, '2020-12-10 02:56:13', 1, 1),
(2208, '2020-12-10 02:56:13', 2, 1),
(2209, '2020-12-10 02:56:13', 3, 0),
(2210, '2020-12-10 02:56:13', 5, 0),
(2211, '2020-12-10 02:56:13', 6, 0),
(2212, '2020-12-10 02:56:13', 7, 0),
(2213, '2020-12-10 02:56:13', 8, 0),
(2214, '2020-12-10 02:56:13', 4, 1),
(2215, '2020-12-10 02:56:26', 1, 1),
(2216, '2020-12-10 02:56:26', 2, 1),
(2217, '2020-12-10 02:56:26', 3, 0),
(2218, '2020-12-10 02:56:26', 5, 0),
(2219, '2020-12-10 02:56:26', 6, 0),
(2220, '2020-12-10 02:56:26', 7, 0),
(2221, '2020-12-10 02:56:26', 8, 0),
(2222, '2020-12-10 02:56:26', 4, 1),
(2223, '2020-12-10 02:56:41', 1, 1),
(2224, '2020-12-10 02:56:41', 2, 1),
(2225, '2020-12-10 02:56:41', 3, 0),
(2226, '2020-12-10 02:56:41', 5, 0),
(2227, '2020-12-10 02:56:41', 6, 0),
(2228, '2020-12-10 02:56:41', 7, 0),
(2229, '2020-12-10 02:56:41', 8, 0),
(2230, '2020-12-10 02:56:41', 4, 1),
(2231, '2020-12-10 02:57:12', 1, 1),
(2232, '2020-12-10 02:57:12', 2, 1),
(2233, '2020-12-10 02:57:12', 3, 0),
(2234, '2020-12-10 02:57:13', 5, 0),
(2235, '2020-12-10 02:57:13', 6, 0),
(2236, '2020-12-10 02:57:13', 7, 0),
(2237, '2020-12-10 02:57:13', 8, 0),
(2238, '2020-12-10 02:57:13', 4, 1),
(2239, '2020-12-10 17:28:26', 1, 1),
(2240, '2020-12-10 17:28:26', 2, 1),
(2241, '2020-12-10 17:28:26', 3, 0),
(2242, '2020-12-10 17:28:26', 5, 0),
(2243, '2020-12-10 17:28:26', 6, 0),
(2244, '2020-12-10 17:28:26', 7, 0),
(2245, '2020-12-10 17:28:26', 8, 0),
(2246, '2020-12-10 17:28:27', 4, 1),
(2247, '2020-12-10 17:29:13', 1, 1),
(2248, '2020-12-10 17:29:13', 2, 1),
(2249, '2020-12-10 17:29:13', 3, 0),
(2250, '2020-12-10 17:29:13', 5, 0),
(2251, '2020-12-10 17:29:13', 6, 0),
(2252, '2020-12-10 17:29:13', 7, 0),
(2253, '2020-12-10 17:29:13', 8, 0),
(2254, '2020-12-10 17:29:14', 4, 1),
(2255, '2020-12-10 17:30:13', 1, 1),
(2256, '2020-12-10 17:30:13', 2, 1),
(2257, '2020-12-10 17:30:13', 3, 0),
(2258, '2020-12-10 17:30:13', 5, 0),
(2259, '2020-12-10 17:30:13', 6, 0),
(2260, '2020-12-10 17:30:13', 7, 0),
(2261, '2020-12-10 17:30:14', 8, 0),
(2262, '2020-12-10 17:30:14', 4, 1),
(2263, '2020-12-10 17:31:13', 1, 1),
(2264, '2020-12-10 17:31:13', 2, 1),
(2265, '2020-12-10 17:31:13', 3, 0),
(2266, '2020-12-10 17:31:14', 5, 0),
(2267, '2020-12-10 17:31:14', 6, 0),
(2268, '2020-12-10 17:31:14', 7, 0),
(2269, '2020-12-10 17:31:14', 8, 0),
(2270, '2020-12-10 17:31:14', 4, 1),
(2271, '2020-12-10 17:31:32', 1, 1),
(2272, '2020-12-10 17:31:32', 2, 1),
(2273, '2020-12-10 17:31:32', 3, 0),
(2274, '2020-12-10 17:31:32', 5, 0),
(2275, '2020-12-10 17:31:32', 6, 0),
(2276, '2020-12-10 17:31:32', 7, 0),
(2277, '2020-12-10 17:31:32', 8, 0),
(2278, '2020-12-10 17:31:32', 4, 1),
(2279, '2020-12-10 17:32:12', 1, 1),
(2280, '2020-12-10 17:32:12', 2, 0),
(2281, '2020-12-10 17:32:12', 3, 0),
(2282, '2020-12-10 17:32:12', 5, 0),
(2283, '2020-12-10 17:32:12', 6, 0),
(2284, '2020-12-10 17:32:12', 7, 0),
(2285, '2020-12-10 17:32:12', 8, 0),
(2286, '2020-12-10 17:32:13', 1, 1),
(2287, '2020-12-10 17:32:13', 2, 1),
(2288, '2020-12-10 17:32:13', 3, 0),
(2289, '2020-12-10 17:32:13', 5, 0),
(2290, '2020-12-10 17:32:13', 6, 0),
(2291, '2020-12-10 17:32:13', 7, 0),
(2292, '2020-12-10 17:32:13', 8, 0),
(2293, '2020-12-10 17:32:13', 4, 1),
(2294, '2020-12-10 17:33:12', 1, 1),
(2295, '2020-12-10 17:33:12', 2, 1),
(2296, '2020-12-10 17:33:12', 3, 0),
(2297, '2020-12-10 17:33:12', 5, 0),
(2298, '2020-12-10 17:33:12', 6, 0),
(2299, '2020-12-10 17:33:13', 7, 0),
(2300, '2020-12-10 17:33:13', 8, 0),
(2301, '2020-12-10 17:33:13', 4, 1),
(2302, '2020-12-10 17:33:14', 1, 1),
(2303, '2020-12-10 17:33:14', 2, 1),
(2304, '2020-12-10 17:33:14', 3, 0),
(2305, '2020-12-10 17:33:14', 5, 0),
(2306, '2020-12-10 17:33:14', 6, 0),
(2307, '2020-12-10 17:33:14', 7, 0),
(2308, '2020-12-10 17:33:14', 8, 0),
(2309, '2020-12-10 17:33:14', 4, 1),
(2310, '2020-12-10 17:34:12', 1, 1),
(2311, '2020-12-10 17:34:12', 2, 1),
(2312, '2020-12-10 17:34:12', 3, 0),
(2313, '2020-12-10 17:34:12', 5, 0),
(2314, '2020-12-10 17:34:12', 6, 0),
(2315, '2020-12-10 17:34:12', 7, 0),
(2316, '2020-12-10 17:34:13', 8, 0),
(2317, '2020-12-10 17:34:13', 4, 1),
(2318, '2020-12-10 17:34:13', 1, 1),
(2319, '2020-12-10 17:34:13', 2, 1),
(2320, '2020-12-10 17:34:13', 3, 0),
(2321, '2020-12-10 17:34:13', 5, 0),
(2322, '2020-12-10 17:34:13', 6, 0),
(2323, '2020-12-10 17:34:13', 7, 0),
(2324, '2020-12-10 17:34:13', 8, 0),
(2325, '2020-12-10 17:34:13', 4, 1),
(2326, '2020-12-10 17:35:12', 1, 1),
(2327, '2020-12-10 17:35:12', 2, 1),
(2328, '2020-12-10 17:35:14', 1, 1),
(2329, '2020-12-10 17:35:14', 2, 1),
(2330, '2020-12-10 17:35:14', 3, 0),
(2331, '2020-12-10 17:35:14', 5, 0),
(2332, '2020-12-10 17:35:15', 6, 0),
(2333, '2020-12-10 17:35:15', 7, 0),
(2334, '2020-12-10 17:35:15', 8, 0),
(2335, '2020-12-10 17:35:15', 4, 1),
(2336, '2020-12-10 17:36:12', 1, 1),
(2337, '2020-12-10 17:36:12', 2, 1),
(2338, '2020-12-10 17:36:12', 4, 1),
(2339, '2020-12-10 17:36:13', 3, 0),
(2340, '2020-12-10 17:36:13', 5, 0),
(2341, '2020-12-10 17:36:13', 6, 0),
(2342, '2020-12-10 17:36:13', 7, 0),
(2343, '2020-12-10 17:36:13', 8, 0),
(2344, '2020-12-10 17:36:13', 1, 1),
(2345, '2020-12-10 17:36:14', 2, 1),
(2346, '2020-12-10 17:36:14', 4, 1),
(2347, '2020-12-10 17:37:12', 1, 1),
(2348, '2020-12-10 17:37:12', 2, 1),
(2349, '2020-12-10 17:37:13', 2, 1),
(2350, '2020-12-10 17:37:13', 1, 0),
(2351, '2020-12-10 17:37:13', 3, 0),
(2352, '2020-12-10 17:37:13', 5, 0),
(2353, '2020-12-10 17:37:13', 6, 0),
(2354, '2020-12-10 17:37:13', 7, 0),
(2355, '2020-12-10 17:37:14', 8, 0),
(2356, '2020-12-10 17:37:14', 4, 1),
(2357, '2020-12-10 17:38:12', 1, 1),
(2358, '2020-12-10 17:38:12', 2, 1),
(2359, '2020-12-10 17:38:12', 4, 1),
(2360, '2020-12-10 17:38:15', 3, 0),
(2361, '2020-12-10 17:38:15', 5, 0),
(2362, '2020-12-10 17:38:15', 6, 0),
(2363, '2020-12-10 17:38:15', 7, 0),
(2364, '2020-12-10 17:38:15', 8, 0),
(2365, '2020-12-10 17:38:15', 2, 1),
(2366, '2020-12-10 17:38:15', 4, 1),
(2367, '2020-12-10 17:39:13', 2, 1),
(2368, '2020-12-10 17:39:13', 3, 0),
(2369, '2020-12-10 17:39:13', 5, 0),
(2370, '2020-12-10 17:39:13', 6, 0),
(2371, '2020-12-10 17:39:13', 7, 0),
(2372, '2020-12-10 17:39:13', 8, 0);
INSERT INTO `monitoring` (`id_monitoring`, `waktu`, `id_barang`, `found`) VALUES
(2373, '2020-12-10 17:39:13', 4, 1),
(2374, '2020-12-10 17:39:49', 1, 1),
(2375, '2020-12-10 17:39:49', 2, 1),
(2376, '2020-12-10 17:39:49', 4, 1),
(2377, '2020-12-10 17:40:14', 3, 0),
(2378, '2020-12-10 17:40:14', 5, 0),
(2379, '2020-12-10 17:40:14', 6, 0),
(2380, '2020-12-10 17:40:14', 7, 0),
(2381, '2020-12-10 17:40:14', 8, 0),
(2382, '2020-12-10 17:40:14', 2, 1),
(2383, '2020-12-10 17:40:15', 4, 1),
(2384, '2020-12-10 17:40:42', 1, 1),
(2385, '2020-12-10 17:40:42', 2, 1),
(2386, '2020-12-10 17:40:42', 4, 1),
(2387, '2020-12-10 17:40:58', 1, 1),
(2388, '2020-12-10 17:40:58', 2, 1),
(2389, '2020-12-10 17:40:58', 4, 1),
(2390, '2020-12-10 17:41:13', 1, 1),
(2391, '2020-12-10 17:41:13', 3, 0),
(2392, '2020-12-10 17:41:13', 2, 1),
(2393, '2020-12-10 17:41:13', 5, 0),
(2394, '2020-12-10 17:41:13', 6, 0),
(2395, '2020-12-10 17:41:13', 4, 1),
(2396, '2020-12-10 17:41:13', 7, 0),
(2397, '2020-12-10 17:41:13', 8, 0),
(2398, '2020-12-10 17:41:14', 2, 1),
(2399, '2020-12-10 17:41:14', 4, 1),
(2400, '2020-12-10 17:42:12', 1, 1),
(2401, '2020-12-10 17:42:12', 2, 1),
(2402, '2020-12-10 17:42:12', 4, 1),
(2403, '2020-12-10 17:42:13', 2, 1),
(2404, '2020-12-10 17:42:13', 3, 0),
(2405, '2020-12-10 17:42:13', 5, 0),
(2406, '2020-12-10 17:42:13', 6, 0),
(2407, '2020-12-10 17:42:13', 7, 0),
(2408, '2020-12-10 17:42:14', 8, 0),
(2409, '2020-12-10 17:42:14', 4, 1),
(2410, '2020-12-10 17:43:12', 1, 1),
(2411, '2020-12-10 17:43:12', 2, 1),
(2412, '2020-12-10 17:43:12', 4, 1),
(2413, '2020-12-10 17:43:13', 3, 0),
(2414, '2020-12-10 17:43:13', 5, 0),
(2415, '2020-12-10 17:43:13', 6, 0),
(2416, '2020-12-10 17:43:13', 7, 0),
(2417, '2020-12-10 17:43:13', 8, 0),
(2418, '2020-12-10 17:43:13', 2, 1),
(2419, '2020-12-10 17:43:14', 4, 1),
(2420, '2020-12-10 17:44:12', 1, 1),
(2421, '2020-12-10 17:44:12', 2, 1),
(2422, '2020-12-10 17:44:12', 4, 1),
(2423, '2020-12-10 17:44:14', 2, 1),
(2424, '2020-12-10 17:44:14', 3, 0),
(2425, '2020-12-10 17:44:14', 5, 0),
(2426, '2020-12-10 17:44:14', 6, 0),
(2427, '2020-12-10 17:44:15', 7, 0),
(2428, '2020-12-10 17:44:15', 8, 0),
(2429, '2020-12-10 17:44:15', 4, 1),
(2430, '2020-12-10 17:45:12', 1, 1),
(2431, '2020-12-10 17:45:12', 2, 1),
(2432, '2020-12-10 17:45:12', 4, 1),
(2433, '2020-12-10 17:45:13', 3, 0),
(2434, '2020-12-10 17:45:14', 5, 0),
(2435, '2020-12-10 17:45:14', 6, 0),
(2436, '2020-12-10 17:45:14', 7, 0),
(2437, '2020-12-10 17:45:14', 8, 0),
(2438, '2020-12-10 17:45:15', 2, 1),
(2439, '2020-12-10 17:45:17', 4, 1),
(2440, '2020-12-10 17:46:13', 2, 1),
(2441, '2020-12-10 17:46:13', 1, 1),
(2442, '2020-12-10 17:46:13', 3, 0),
(2443, '2020-12-10 17:46:13', 5, 0),
(2444, '2020-12-10 17:46:13', 2, 1),
(2445, '2020-12-10 17:46:14', 6, 0),
(2446, '2020-12-10 17:46:14', 4, 1),
(2447, '2020-12-10 17:46:14', 7, 0),
(2448, '2020-12-10 17:46:14', 8, 0),
(2449, '2020-12-10 17:46:14', 4, 1),
(2450, '2020-12-10 17:47:13', 1, 1),
(2451, '2020-12-10 17:47:13', 2, 1),
(2452, '2020-12-10 17:47:13', 4, 1),
(2453, '2020-12-10 17:47:16', 3, 0),
(2454, '2020-12-10 17:47:16', 5, 0),
(2455, '2020-12-10 17:47:16', 6, 0),
(2456, '2020-12-10 17:47:16', 7, 0),
(2457, '2020-12-10 17:47:16', 8, 0),
(2458, '2020-12-10 17:47:17', 2, 1),
(2459, '2020-12-10 17:47:17', 4, 1),
(2460, '2020-12-10 17:48:12', 1, 1),
(2461, '2020-12-10 17:48:13', 2, 1),
(2462, '2020-12-10 17:48:14', 2, 1),
(2463, '2020-12-10 17:48:14', 3, 0),
(2464, '2020-12-10 17:48:14', 5, 0),
(2465, '2020-12-10 17:48:14', 6, 0),
(2466, '2020-12-10 17:48:14', 7, 0),
(2467, '2020-12-10 17:48:14', 8, 0),
(2468, '2020-12-10 17:48:14', 4, 1),
(2469, '2020-12-10 17:49:12', 1, 1),
(2470, '2020-12-10 17:49:12', 2, 1),
(2471, '2020-12-10 17:49:14', 3, 0),
(2472, '2020-12-10 17:49:16', 5, 0),
(2473, '2020-12-10 17:49:16', 6, 0),
(2474, '2020-12-10 17:49:16', 7, 0),
(2475, '2020-12-10 17:49:17', 8, 0),
(2476, '2020-12-10 17:49:17', 2, 1),
(2477, '2020-12-10 17:49:17', 4, 1),
(2478, '2020-12-10 17:50:12', 1, 1),
(2479, '2020-12-10 17:50:12', 2, 1),
(2480, '2020-12-10 17:50:12', 4, 1),
(2481, '2020-12-10 17:50:13', 2, 1),
(2482, '2020-12-10 17:50:13', 3, 0),
(2483, '2020-12-10 17:50:13', 5, 0),
(2484, '2020-12-10 17:50:13', 6, 0),
(2485, '2020-12-10 17:50:13', 7, 0),
(2486, '2020-12-10 17:50:13', 8, 0),
(2487, '2020-12-10 17:50:13', 4, 1),
(2488, '2020-12-10 17:51:12', 1, 1),
(2489, '2020-12-10 17:51:13', 2, 1),
(2490, '2020-12-10 17:51:13', 4, 1),
(2491, '2020-12-10 17:51:13', 3, 0),
(2492, '2020-12-10 17:51:13', 5, 0),
(2493, '2020-12-10 17:51:13', 6, 0),
(2494, '2020-12-10 17:51:13', 7, 0),
(2495, '2020-12-10 17:51:14', 8, 0),
(2496, '2020-12-10 17:51:14', 2, 1),
(2497, '2020-12-10 17:51:14', 4, 1),
(2498, '2020-12-10 17:52:12', 1, 1),
(2499, '2020-12-10 17:52:12', 2, 1),
(2500, '2020-12-10 17:52:12', 4, 1),
(2501, '2020-12-10 17:52:13', 2, 1),
(2502, '2020-12-10 17:52:13', 3, 0),
(2503, '2020-12-10 17:52:13', 5, 0),
(2504, '2020-12-10 17:52:13', 6, 0),
(2505, '2020-12-10 17:52:13', 7, 0),
(2506, '2020-12-10 17:52:13', 8, 0),
(2507, '2020-12-10 17:52:14', 4, 1),
(2508, '2020-12-10 17:53:12', 1, 1),
(2509, '2020-12-10 17:53:12', 2, 1),
(2510, '2020-12-10 17:53:12', 4, 1),
(2511, '2020-12-10 17:53:14', 3, 0),
(2512, '2020-12-10 17:53:14', 5, 0),
(2513, '2020-12-10 17:53:14', 6, 0),
(2514, '2020-12-10 17:53:14', 7, 0),
(2515, '2020-12-10 17:53:14', 8, 0),
(2516, '2020-12-10 17:53:14', 2, 1),
(2517, '2020-12-10 17:53:14', 4, 1),
(2518, '2020-12-10 17:54:12', 2, 1),
(2519, '2020-12-10 17:54:12', 3, 0),
(2520, '2020-12-10 17:54:13', 5, 0),
(2521, '2020-12-10 17:54:13', 6, 0),
(2522, '2020-12-10 17:54:13', 1, 1),
(2523, '2020-12-10 17:54:13', 7, 0),
(2524, '2020-12-10 17:54:13', 8, 0),
(2525, '2020-12-10 17:54:13', 2, 1),
(2526, '2020-12-10 17:54:13', 4, 1),
(2527, '2020-12-10 17:54:13', 4, 1),
(2528, '2020-12-10 17:55:12', 1, 1),
(2529, '2020-12-10 17:55:12', 2, 1),
(2530, '2020-12-10 17:55:12', 4, 1),
(2531, '2020-12-10 17:55:13', 3, 0),
(2532, '2020-12-10 17:55:13', 5, 0),
(2533, '2020-12-10 17:55:13', 6, 0),
(2534, '2020-12-10 17:55:13', 7, 0),
(2535, '2020-12-10 17:55:13', 8, 0),
(2536, '2020-12-10 17:55:13', 2, 1),
(2537, '2020-12-10 17:55:13', 4, 1),
(2538, '2020-12-10 17:56:12', 1, 1),
(2539, '2020-12-10 17:56:12', 2, 1),
(2540, '2020-12-10 17:56:12', 4, 1),
(2541, '2020-12-10 17:56:13', 2, 1),
(2542, '2020-12-10 17:56:13', 3, 0),
(2543, '2020-12-10 17:56:13', 5, 0),
(2544, '2020-12-10 17:56:13', 6, 0),
(2545, '2020-12-10 17:56:13', 7, 0),
(2546, '2020-12-10 17:56:13', 8, 0),
(2547, '2020-12-10 17:56:13', 4, 1),
(2548, '2020-12-10 17:57:13', 1, 1),
(2549, '2020-12-10 17:57:13', 2, 1),
(2550, '2020-12-10 17:57:13', 4, 1),
(2551, '2020-12-10 17:57:13', 3, 0),
(2552, '2020-12-10 17:57:13', 5, 0),
(2553, '2020-12-10 17:57:13', 6, 0),
(2554, '2020-12-10 17:57:13', 7, 0),
(2555, '2020-12-10 17:57:13', 8, 0),
(2556, '2020-12-10 17:57:14', 2, 1),
(2557, '2020-12-10 17:57:14', 4, 1),
(2558, '2020-12-10 17:58:12', 1, 1),
(2559, '2020-12-10 17:58:13', 2, 1),
(2560, '2020-12-10 17:58:13', 2, 1),
(2561, '2020-12-10 17:58:13', 3, 0),
(2562, '2020-12-10 17:58:13', 4, 1),
(2563, '2020-12-10 17:58:13', 5, 0),
(2564, '2020-12-10 17:58:13', 6, 0),
(2565, '2020-12-10 17:58:13', 7, 0),
(2566, '2020-12-10 17:58:13', 8, 0),
(2567, '2020-12-10 17:59:12', 1, 1),
(2568, '2020-12-10 17:59:12', 2, 1),
(2569, '2020-12-10 17:59:13', 3, 0),
(2570, '2020-12-10 17:59:13', 5, 0),
(2571, '2020-12-10 17:59:13', 6, 0),
(2572, '2020-12-10 17:59:13', 7, 0),
(2573, '2020-12-10 17:59:13', 8, 0),
(2574, '2020-12-10 17:59:13', 2, 1),
(2575, '2020-12-10 17:59:13', 4, 1),
(2576, '2020-12-10 18:00:12', 1, 1),
(2577, '2020-12-10 18:00:13', 2, 1),
(2578, '2020-12-10 18:00:13', 4, 1),
(2579, '2020-12-10 18:00:13', 2, 1),
(2580, '2020-12-10 18:00:13', 3, 0),
(2581, '2020-12-10 18:00:13', 5, 0),
(2582, '2020-12-10 18:00:13', 6, 0),
(2583, '2020-12-10 18:00:14', 7, 0),
(2584, '2020-12-10 18:00:14', 8, 0),
(2585, '2020-12-10 18:00:14', 4, 1),
(2586, '2020-12-10 18:01:12', 1, 1),
(2587, '2020-12-10 18:01:12', 2, 1),
(2588, '2020-12-10 18:01:12', 4, 1),
(2589, '2020-12-10 18:01:14', 3, 0),
(2590, '2020-12-10 18:01:14', 5, 0),
(2591, '2020-12-10 18:01:14', 6, 0),
(2592, '2020-12-10 18:01:14', 7, 0),
(2593, '2020-12-10 18:01:14', 8, 0),
(2594, '2020-12-10 18:01:14', 2, 1),
(2595, '2020-12-10 18:01:15', 4, 1),
(2596, '2020-12-10 18:02:12', 1, 1),
(2597, '2020-12-10 18:02:12', 2, 1),
(2598, '2020-12-10 18:02:13', 2, 1),
(2599, '2020-12-10 18:02:13', 3, 0),
(2600, '2020-12-10 18:02:13', 5, 0),
(2601, '2020-12-10 18:02:13', 6, 0),
(2602, '2020-12-10 18:02:13', 7, 0),
(2603, '2020-12-10 18:02:13', 8, 0),
(2604, '2020-12-10 18:02:13', 4, 1),
(2605, '2020-12-10 18:03:12', 1, 1),
(2606, '2020-12-10 18:03:12', 2, 1),
(2607, '2020-12-10 18:03:12', 4, 1),
(2608, '2020-12-10 18:03:13', 3, 0),
(2609, '2020-12-10 18:03:13', 5, 0),
(2610, '2020-12-10 18:03:13', 6, 0),
(2611, '2020-12-10 18:03:13', 7, 0),
(2612, '2020-12-10 18:03:13', 8, 0),
(2613, '2020-12-10 18:03:13', 2, 1),
(2614, '2020-12-10 18:03:14', 4, 1),
(2615, '2020-12-10 18:04:13', 1, 1),
(2616, '2020-12-10 18:04:13', 2, 1),
(2617, '2020-12-10 18:04:13', 2, 1),
(2618, '2020-12-10 18:04:13', 4, 1),
(2619, '2020-12-10 18:04:13', 3, 0),
(2620, '2020-12-10 18:04:13', 5, 0),
(2621, '2020-12-10 18:04:13', 6, 0),
(2622, '2020-12-10 18:04:13', 7, 0),
(2623, '2020-12-10 18:04:13', 8, 0),
(2624, '2020-12-10 18:05:12', 1, 1),
(2625, '2020-12-10 18:05:13', 2, 1),
(2626, '2020-12-10 18:05:13', 4, 1),
(2627, '2020-12-10 18:05:14', 3, 0),
(2628, '2020-12-10 18:05:14', 5, 0),
(2629, '2020-12-10 18:05:14', 6, 0),
(2630, '2020-12-10 18:05:15', 7, 0),
(2631, '2020-12-10 18:05:15', 8, 0),
(2632, '2020-12-10 18:05:15', 2, 1),
(2633, '2020-12-10 18:05:15', 4, 1),
(2634, '2020-12-10 18:06:12', 1, 1),
(2635, '2020-12-10 18:06:12', 2, 1),
(2636, '2020-12-10 18:06:12', 4, 1),
(2637, '2020-12-10 18:06:13', 2, 1),
(2638, '2020-12-10 18:06:13', 3, 0),
(2639, '2020-12-10 18:06:13', 5, 0),
(2640, '2020-12-10 18:06:13', 6, 0),
(2641, '2020-12-10 18:06:13', 7, 0),
(2642, '2020-12-10 18:06:13', 8, 0),
(2643, '2020-12-10 18:06:14', 4, 1),
(2644, '2020-12-10 18:07:12', 1, 1),
(2645, '2020-12-10 18:07:12', 2, 1),
(2646, '2020-12-10 18:07:12', 4, 1),
(2647, '2020-12-10 18:07:13', 3, 0),
(2648, '2020-12-10 18:07:13', 5, 0),
(2649, '2020-12-10 18:07:13', 6, 0),
(2650, '2020-12-10 18:07:13', 7, 0),
(2651, '2020-12-10 18:07:14', 8, 0),
(2652, '2020-12-10 18:07:14', 2, 1),
(2653, '2020-12-10 18:07:14', 4, 1),
(2654, '2020-12-10 18:08:12', 1, 1),
(2655, '2020-12-10 18:08:12', 2, 1),
(2656, '2020-12-10 18:08:12', 4, 1),
(2657, '2020-12-10 18:08:13', 2, 1),
(2658, '2020-12-10 18:08:13', 3, 0),
(2659, '2020-12-10 18:08:14', 5, 0),
(2660, '2020-12-10 18:08:14', 6, 0),
(2661, '2020-12-10 18:08:14', 7, 0),
(2662, '2020-12-10 18:08:14', 8, 0),
(2663, '2020-12-10 18:09:13', 1, 1),
(2664, '2020-12-10 18:09:13', 2, 1),
(2665, '2020-12-10 18:09:13', 4, 1),
(2666, '2020-12-10 18:09:13', 3, 0),
(2667, '2020-12-10 18:09:14', 5, 0),
(2668, '2020-12-10 18:09:14', 6, 0),
(2669, '2020-12-10 18:09:14', 7, 0),
(2670, '2020-12-10 18:09:14', 8, 0),
(2671, '2020-12-10 18:09:14', 2, 1),
(2672, '2020-12-10 18:09:14', 4, 1),
(2673, '2020-12-10 18:10:13', 1, 1),
(2674, '2020-12-10 18:10:14', 2, 1),
(2675, '2020-12-10 18:10:14', 4, 1),
(2676, '2020-12-10 18:10:19', 2, 1),
(2677, '2020-12-10 18:10:19', 3, 0),
(2678, '2020-12-10 18:10:19', 5, 0),
(2679, '2020-12-10 18:10:19', 6, 0),
(2680, '2020-12-10 18:10:19', 7, 0),
(2681, '2020-12-10 18:10:19', 8, 0),
(2682, '2020-12-10 18:10:19', 4, 1),
(2683, '2020-12-10 18:11:13', 1, 1),
(2684, '2020-12-10 18:11:13', 2, 1),
(2685, '2020-12-10 18:11:13', 4, 1),
(2686, '2020-12-10 18:11:13', 3, 0),
(2687, '2020-12-10 18:11:13', 5, 0),
(2688, '2020-12-10 18:11:13', 6, 0),
(2689, '2020-12-10 18:11:13', 7, 0),
(2690, '2020-12-10 18:11:13', 8, 0),
(2691, '2020-12-10 18:11:14', 2, 1),
(2692, '2020-12-10 18:11:14', 4, 1),
(2693, '2020-12-10 18:12:12', 1, 1),
(2694, '2020-12-10 18:12:12', 2, 1),
(2695, '2020-12-10 18:12:12', 4, 1),
(2696, '2020-12-10 18:12:13', 2, 1),
(2697, '2020-12-10 18:12:13', 3, 0),
(2698, '2020-12-10 18:12:13', 5, 0),
(2699, '2020-12-10 18:12:13', 6, 0),
(2700, '2020-12-10 18:12:13', 7, 0),
(2701, '2020-12-10 18:12:13', 8, 0),
(2702, '2020-12-10 18:12:14', 4, 1),
(2703, '2020-12-10 18:13:12', 1, 1),
(2704, '2020-12-10 18:13:12', 2, 1),
(2705, '2020-12-10 18:13:12', 4, 1),
(2706, '2020-12-10 18:13:14', 3, 0),
(2707, '2020-12-10 18:13:14', 5, 0),
(2708, '2020-12-10 18:13:14', 6, 0),
(2709, '2020-12-10 18:13:14', 7, 0),
(2710, '2020-12-10 18:13:14', 8, 0),
(2711, '2020-12-10 18:13:14', 2, 1),
(2712, '2020-12-10 18:13:14', 4, 1),
(2713, '2020-12-10 18:14:12', 1, 1),
(2714, '2020-12-10 18:14:12', 2, 1),
(2715, '2020-12-10 18:14:13', 2, 1),
(2716, '2020-12-10 18:14:13', 3, 0),
(2717, '2020-12-10 18:14:13', 5, 0),
(2718, '2020-12-10 18:14:13', 6, 0),
(2719, '2020-12-10 18:14:13', 7, 0),
(2720, '2020-12-10 18:14:13', 8, 0),
(2721, '2020-12-10 18:14:13', 4, 1),
(2722, '2020-12-10 18:15:12', 1, 1),
(2723, '2020-12-10 18:15:12', 2, 1),
(2724, '2020-12-10 18:15:13', 3, 0),
(2725, '2020-12-10 18:15:13', 5, 0),
(2726, '2020-12-10 18:15:13', 6, 0),
(2727, '2020-12-10 18:15:13', 7, 0),
(2728, '2020-12-10 18:15:13', 8, 0),
(2729, '2020-12-10 18:15:13', 2, 1),
(2730, '2020-12-10 18:15:13', 4, 1),
(2731, '2020-12-10 18:16:12', 1, 1),
(2732, '2020-12-10 18:16:12', 2, 1),
(2733, '2020-12-10 18:16:13', 2, 1),
(2734, '2020-12-10 18:16:13', 3, 0),
(2735, '2020-12-10 18:16:13', 5, 0),
(2736, '2020-12-10 18:16:13', 6, 0),
(2737, '2020-12-10 18:16:13', 7, 0),
(2738, '2020-12-10 18:16:13', 8, 0),
(2739, '2020-12-10 18:16:13', 4, 1),
(2740, '2020-12-10 18:17:13', 3, 0),
(2741, '2020-12-10 18:17:13', 1, 1),
(2742, '2020-12-10 18:17:13', 5, 0),
(2743, '2020-12-10 18:17:13', 2, 1),
(2744, '2020-12-10 18:17:14', 6, 0),
(2745, '2020-12-10 18:17:14', 7, 0),
(2746, '2020-12-10 18:17:14', 4, 1),
(2747, '2020-12-10 18:17:14', 8, 0),
(2748, '2020-12-10 18:17:15', 2, 1),
(2749, '2020-12-10 18:17:15', 4, 1),
(2750, '2020-12-10 18:18:13', 1, 1),
(2751, '2020-12-10 18:18:13', 2, 1),
(2752, '2020-12-10 18:18:13', 4, 1),
(2753, '2020-12-10 18:18:13', 2, 1),
(2754, '2020-12-10 18:18:13', 3, 0),
(2755, '2020-12-10 18:18:13', 5, 0),
(2756, '2020-12-10 18:18:13', 6, 0),
(2757, '2020-12-10 18:18:13', 7, 0),
(2758, '2020-12-10 18:18:13', 8, 0),
(2759, '2020-12-10 18:18:13', 4, 1),
(2760, '2020-12-10 18:19:13', 1, 1),
(2761, '2020-12-10 18:19:13', 2, 1),
(2762, '2020-12-10 18:19:13', 3, 0),
(2763, '2020-12-10 18:19:13', 5, 0),
(2764, '2020-12-10 18:19:13', 4, 1),
(2765, '2020-12-10 18:19:13', 6, 0),
(2766, '2020-12-10 18:19:13', 7, 0),
(2767, '2020-12-10 18:19:13', 8, 0),
(2768, '2020-12-10 18:19:13', 2, 1),
(2769, '2020-12-10 18:19:13', 4, 1),
(2770, '2020-12-10 18:20:12', 1, 1),
(2771, '2020-12-10 18:20:12', 2, 1),
(2772, '2020-12-10 18:20:12', 4, 1),
(2773, '2020-12-10 18:20:13', 2, 1),
(2774, '2020-12-10 18:20:13', 3, 0),
(2775, '2020-12-10 18:20:13', 5, 0),
(2776, '2020-12-10 18:20:13', 6, 0),
(2777, '2020-12-10 18:20:13', 7, 0),
(2778, '2020-12-10 18:20:13', 8, 0),
(2779, '2020-12-10 18:20:13', 4, 1),
(2780, '2020-12-10 18:21:14', 1, 1),
(2781, '2020-12-10 18:21:14', 3, 0),
(2782, '2020-12-10 18:21:14', 2, 1),
(2783, '2020-12-10 18:21:14', 5, 0),
(2784, '2020-12-10 18:21:15', 6, 0),
(2785, '2020-12-10 18:21:15', 4, 1),
(2786, '2020-12-10 18:21:15', 7, 0),
(2787, '2020-12-10 18:21:15', 8, 0),
(2788, '2020-12-10 18:21:15', 2, 1),
(2789, '2020-12-10 18:21:15', 4, 1),
(2790, '2020-12-10 18:22:12', 1, 1),
(2791, '2020-12-10 18:22:12', 2, 1),
(2792, '2020-12-10 18:22:14', 2, 1),
(2793, '2020-12-10 18:22:14', 3, 0),
(2794, '2020-12-10 18:22:14', 5, 0),
(2795, '2020-12-10 18:22:14', 6, 0),
(2796, '2020-12-10 18:22:14', 7, 0),
(2797, '2020-12-10 18:22:14', 8, 0),
(2798, '2020-12-10 18:22:14', 4, 1),
(2799, '2020-12-10 18:23:12', 1, 1),
(2800, '2020-12-10 18:23:12', 2, 1),
(2801, '2020-12-10 18:23:14', 3, 0),
(2802, '2020-12-10 18:23:14', 5, 0),
(2803, '2020-12-10 18:23:14', 6, 0),
(2804, '2020-12-10 18:23:14', 7, 0),
(2805, '2020-12-10 18:23:14', 8, 0),
(2806, '2020-12-10 18:23:14', 2, 1),
(2807, '2020-12-10 18:23:15', 4, 1),
(2808, '2020-12-10 18:24:12', 1, 1),
(2809, '2020-12-10 18:24:12', 2, 1),
(2810, '2020-12-10 18:24:12', 4, 1),
(2811, '2020-12-10 18:24:15', 2, 1),
(2812, '2020-12-10 18:24:15', 3, 0),
(2813, '2020-12-10 18:24:15', 5, 0),
(2814, '2020-12-10 18:24:15', 6, 0),
(2815, '2020-12-10 18:24:15', 7, 0),
(2816, '2020-12-10 18:24:15', 8, 0),
(2817, '2020-12-10 18:25:12', 1, 1),
(2818, '2020-12-10 18:25:12', 2, 1),
(2819, '2020-12-10 18:25:12', 4, 1),
(2820, '2020-12-10 18:25:13', 3, 0),
(2821, '2020-12-10 18:25:13', 5, 0),
(2822, '2020-12-10 18:25:13', 6, 0),
(2823, '2020-12-10 18:25:13', 7, 0),
(2824, '2020-12-10 18:25:13', 8, 0),
(2825, '2020-12-10 18:25:13', 2, 1),
(2826, '2020-12-10 18:25:14', 4, 1),
(2827, '2020-12-10 18:26:13', 1, 1),
(2828, '2020-12-10 18:26:13', 2, 1),
(2829, '2020-12-10 18:26:13', 3, 0),
(2830, '2020-12-10 18:26:13', 2, 1),
(2831, '2020-12-10 18:26:14', 5, 0),
(2832, '2020-12-10 18:26:14', 6, 0),
(2833, '2020-12-10 18:26:14', 7, 0),
(2834, '2020-12-10 18:26:14', 8, 0),
(2835, '2020-12-10 18:26:14', 4, 1),
(2836, '2020-12-10 18:27:12', 1, 1),
(2837, '2020-12-10 18:27:12', 2, 1),
(2838, '2020-12-10 18:27:12', 4, 1),
(2839, '2020-12-10 18:27:13', 3, 0),
(2840, '2020-12-10 18:27:13', 5, 0),
(2841, '2020-12-10 18:27:13', 6, 0),
(2842, '2020-12-10 18:27:13', 7, 0),
(2843, '2020-12-10 18:27:14', 8, 0),
(2844, '2020-12-10 18:27:14', 2, 1),
(2845, '2020-12-10 18:27:14', 4, 1),
(2846, '2020-12-10 18:28:12', 1, 1),
(2847, '2020-12-10 18:28:12', 2, 1),
(2848, '2020-12-10 18:28:12', 4, 1),
(2849, '2020-12-10 18:28:14', 2, 1),
(2850, '2020-12-10 18:28:14', 3, 0),
(2851, '2020-12-10 18:28:14', 5, 0),
(2852, '2020-12-10 18:28:15', 6, 0),
(2853, '2020-12-10 18:28:15', 7, 0),
(2854, '2020-12-10 18:28:15', 8, 0),
(2855, '2020-12-10 18:28:15', 4, 1),
(2856, '2020-12-10 18:29:12', 1, 1),
(2857, '2020-12-10 18:29:12', 2, 1),
(2858, '2020-12-10 18:29:12', 4, 1),
(2859, '2020-12-10 18:29:13', 3, 0),
(2860, '2020-12-10 18:29:13', 5, 0),
(2861, '2020-12-10 18:29:13', 6, 0),
(2862, '2020-12-10 18:29:13', 7, 0),
(2863, '2020-12-10 18:29:14', 8, 0),
(2864, '2020-12-10 18:29:14', 2, 1),
(2865, '2020-12-10 18:29:14', 4, 1),
(2866, '2020-12-10 18:30:12', 1, 1),
(2867, '2020-12-10 18:30:12', 2, 1),
(2868, '2020-12-10 18:30:12', 4, 1),
(2869, '2020-12-10 18:30:13', 2, 1),
(2870, '2020-12-10 18:30:13', 3, 0),
(2871, '2020-12-10 18:30:13', 5, 0),
(2872, '2020-12-10 18:30:14', 6, 0),
(2873, '2020-12-10 18:30:14', 7, 0),
(2874, '2020-12-10 18:30:14', 8, 0),
(2875, '2020-12-10 18:30:14', 4, 1),
(2876, '2020-12-10 18:31:12', 1, 1),
(2877, '2020-12-10 18:31:12', 2, 1),
(2878, '2020-12-10 18:31:12', 4, 1),
(2879, '2020-12-10 18:31:13', 3, 0),
(2880, '2020-12-10 18:31:14', 5, 0),
(2881, '2020-12-10 18:31:14', 6, 0),
(2882, '2020-12-10 18:31:14', 7, 0),
(2883, '2020-12-10 18:31:14', 8, 0),
(2884, '2020-12-10 18:31:14', 2, 1),
(2885, '2020-12-10 18:31:14', 4, 1),
(2886, '2020-12-10 18:32:12', 1, 1),
(2887, '2020-12-10 18:32:13', 2, 1),
(2888, '2020-12-10 18:32:13', 4, 1),
(2889, '2020-12-10 18:32:15', 2, 1),
(2890, '2020-12-10 18:32:15', 3, 0),
(2891, '2020-12-10 18:32:15', 5, 0),
(2892, '2020-12-10 18:32:15', 6, 0),
(2893, '2020-12-10 18:32:15', 7, 0),
(2894, '2020-12-10 18:32:15', 8, 0),
(2895, '2020-12-10 18:32:15', 4, 1),
(2896, '2020-12-10 18:33:12', 1, 1),
(2897, '2020-12-10 18:33:12', 2, 1),
(2898, '2020-12-10 18:33:12', 4, 1),
(2899, '2020-12-10 18:33:14', 3, 0),
(2900, '2020-12-10 18:33:14', 5, 0),
(2901, '2020-12-10 18:33:14', 6, 0),
(2902, '2020-12-10 18:33:14', 7, 0),
(2903, '2020-12-10 18:33:14', 8, 0),
(2904, '2020-12-10 18:33:14', 2, 1),
(2905, '2020-12-10 18:33:14', 4, 1),
(2906, '2020-12-10 18:34:12', 1, 1),
(2907, '2020-12-10 18:34:12', 2, 1),
(2908, '2020-12-10 18:34:12', 4, 1),
(2909, '2020-12-10 18:34:13', 2, 1),
(2910, '2020-12-10 18:34:13', 3, 0),
(2911, '2020-12-10 18:34:13', 5, 0),
(2912, '2020-12-10 18:34:13', 6, 0),
(2913, '2020-12-10 18:34:13', 7, 0),
(2914, '2020-12-10 18:34:13', 8, 0),
(2915, '2020-12-10 18:34:13', 4, 1),
(2916, '2020-12-10 18:35:12', 1, 1),
(2917, '2020-12-10 18:35:12', 2, 1),
(2918, '2020-12-10 18:35:12', 4, 1),
(2919, '2020-12-10 18:35:12', 3, 0),
(2920, '2020-12-10 18:35:13', 5, 0),
(2921, '2020-12-10 18:35:13', 6, 0),
(2922, '2020-12-10 18:35:13', 7, 0),
(2923, '2020-12-10 18:35:13', 8, 0),
(2924, '2020-12-10 18:35:13', 2, 1),
(2925, '2020-12-10 18:35:13', 4, 1),
(2926, '2020-12-10 18:36:12', 1, 1),
(2927, '2020-12-10 18:36:13', 2, 1),
(2928, '2020-12-10 18:36:13', 4, 1),
(2929, '2020-12-10 18:36:14', 2, 1),
(2930, '2020-12-10 18:36:14', 3, 0),
(2931, '2020-12-10 18:36:14', 5, 0),
(2932, '2020-12-10 18:36:14', 6, 0),
(2933, '2020-12-10 18:36:14', 7, 0),
(2934, '2020-12-10 18:36:14', 8, 0),
(2935, '2020-12-10 18:36:14', 4, 1),
(2936, '2020-12-10 18:37:12', 1, 1),
(2937, '2020-12-10 18:37:12', 2, 1),
(2938, '2020-12-10 18:37:12', 4, 1),
(2939, '2020-12-10 18:37:14', 3, 0),
(2940, '2020-12-10 18:37:14', 5, 0),
(2941, '2020-12-10 18:37:14', 6, 0),
(2942, '2020-12-10 18:37:14', 7, 0),
(2943, '2020-12-10 18:37:14', 8, 0),
(2944, '2020-12-10 18:37:14', 2, 1),
(2945, '2020-12-10 18:37:14', 4, 1),
(2946, '2020-12-10 18:38:12', 1, 1),
(2947, '2020-12-10 18:38:12', 2, 1),
(2948, '2020-12-10 18:38:13', 4, 1),
(2949, '2020-12-10 18:38:14', 2, 1),
(2950, '2020-12-10 18:38:14', 3, 0),
(2951, '2020-12-10 18:38:14', 5, 0),
(2952, '2020-12-10 18:38:14', 6, 0),
(2953, '2020-12-10 18:38:14', 7, 0),
(2954, '2020-12-10 18:38:14', 8, 0),
(2955, '2020-12-10 18:38:14', 4, 1),
(2956, '2020-12-10 18:39:12', 1, 1),
(2957, '2020-12-10 18:39:12', 2, 1),
(2958, '2020-12-10 18:39:12', 4, 1),
(2959, '2020-12-10 18:39:14', 3, 0),
(2960, '2020-12-10 18:39:14', 5, 0),
(2961, '2020-12-10 18:39:14', 6, 0),
(2962, '2020-12-10 18:39:14', 7, 0),
(2963, '2020-12-10 18:39:14', 8, 0),
(2964, '2020-12-10 18:39:14', 2, 1),
(2965, '2020-12-10 18:39:14', 4, 1),
(2966, '2020-12-10 18:40:13', 1, 1),
(2967, '2020-12-10 18:40:13', 2, 1),
(2968, '2020-12-10 18:40:13', 4, 1),
(2969, '2020-12-10 18:40:14', 2, 1),
(2970, '2020-12-10 18:40:14', 3, 0),
(2971, '2020-12-10 18:40:14', 5, 0),
(2972, '2020-12-10 18:40:14', 6, 0),
(2973, '2020-12-10 18:40:14', 7, 0),
(2974, '2020-12-10 18:40:14', 8, 0),
(2975, '2020-12-10 18:40:14', 4, 1),
(2976, '2020-12-10 18:41:14', 3, 0),
(2977, '2020-12-10 18:41:14', 5, 0),
(2978, '2020-12-10 18:41:14', 6, 0),
(2979, '2020-12-10 18:41:14', 7, 0),
(2980, '2020-12-10 18:41:14', 8, 0),
(2981, '2020-12-10 18:41:14', 1, 1),
(2982, '2020-12-10 18:41:14', 2, 1),
(2983, '2020-12-10 18:41:14', 4, 1),
(2984, '2020-12-10 18:42:14', 1, 1),
(2985, '2020-12-10 18:42:14', 2, 1),
(2986, '2020-12-10 18:42:14', 3, 0),
(2987, '2020-12-10 18:42:14', 5, 0),
(2988, '2020-12-10 18:42:14', 6, 0),
(2989, '2020-12-10 18:42:14', 7, 0),
(2990, '2020-12-10 18:42:14', 8, 0),
(2991, '2020-12-10 18:42:14', 4, 1),
(2992, '2020-12-10 18:43:14', 1, 1),
(2993, '2020-12-10 18:43:14', 2, 1),
(2994, '2020-12-10 18:43:14', 3, 0),
(2995, '2020-12-10 18:43:14', 5, 0),
(2996, '2020-12-10 18:43:14', 6, 0),
(2997, '2020-12-10 18:43:14', 7, 0),
(2998, '2020-12-10 18:43:14', 8, 0),
(2999, '2020-12-10 18:43:14', 4, 1),
(3000, '2020-12-10 18:44:14', 1, 1),
(3001, '2020-12-10 18:44:14', 2, 1),
(3002, '2020-12-10 18:44:14', 3, 0),
(3003, '2020-12-10 18:44:14', 5, 0),
(3004, '2020-12-10 18:44:14', 6, 0),
(3005, '2020-12-10 18:44:14', 7, 0),
(3006, '2020-12-10 18:44:14', 8, 0),
(3007, '2020-12-10 18:44:14', 4, 1),
(3008, '2020-12-10 18:45:15', 1, 1),
(3009, '2020-12-10 18:45:15', 2, 1),
(3010, '2020-12-10 18:45:15', 3, 0),
(3011, '2020-12-10 18:45:15', 5, 0),
(3012, '2020-12-10 18:45:15', 6, 0),
(3013, '2020-12-10 18:45:15', 7, 0),
(3014, '2020-12-10 18:45:15', 8, 0),
(3015, '2020-12-10 18:45:15', 4, 1),
(3016, '2020-12-10 18:46:12', 1, 1),
(3017, '2020-12-10 18:46:12', 2, 1),
(3018, '2020-12-10 18:46:13', 3, 0),
(3019, '2020-12-10 18:46:13', 5, 0),
(3020, '2020-12-10 18:46:13', 6, 0),
(3021, '2020-12-10 18:46:13', 7, 0),
(3022, '2020-12-10 18:46:13', 8, 0),
(3023, '2020-12-10 18:46:13', 4, 1),
(3024, '2020-12-10 18:47:14', 1, 1),
(3025, '2020-12-10 18:47:14', 2, 1),
(3026, '2020-12-10 18:47:14', 3, 0),
(3027, '2020-12-10 18:47:14', 5, 0),
(3028, '2020-12-10 18:47:14', 6, 0),
(3029, '2020-12-10 18:47:14', 7, 0),
(3030, '2020-12-10 18:47:14', 8, 0),
(3031, '2020-12-10 18:47:14', 4, 1),
(3032, '2020-12-10 18:48:13', 1, 1),
(3033, '2020-12-10 18:48:13', 2, 1),
(3034, '2020-12-10 18:48:13', 3, 0),
(3035, '2020-12-10 18:48:13', 5, 0),
(3036, '2020-12-10 18:48:13', 6, 0),
(3037, '2020-12-10 18:48:13', 7, 0),
(3038, '2020-12-10 18:48:13', 8, 0),
(3039, '2020-12-10 18:48:13', 4, 1),
(3040, '2020-12-10 18:49:13', 1, 1),
(3041, '2020-12-10 18:49:13', 2, 1),
(3042, '2020-12-10 18:49:13', 3, 0),
(3043, '2020-12-10 18:49:13', 5, 0),
(3044, '2020-12-10 18:49:13', 6, 0),
(3045, '2020-12-10 18:49:13', 7, 0),
(3046, '2020-12-10 18:49:13', 8, 0),
(3047, '2020-12-10 18:49:13', 4, 1),
(3048, '2020-12-10 18:50:13', 1, 1),
(3049, '2020-12-10 18:50:13', 2, 1),
(3050, '2020-12-10 18:50:13', 3, 0),
(3051, '2020-12-10 18:50:13', 5, 0),
(3052, '2020-12-10 18:50:13', 6, 0),
(3053, '2020-12-10 18:50:13', 7, 0),
(3054, '2020-12-10 18:50:13', 8, 0),
(3055, '2020-12-10 18:50:13', 4, 1),
(3056, '2020-12-10 18:51:13', 1, 1),
(3057, '2020-12-10 18:51:13', 2, 1),
(3058, '2020-12-10 18:51:13', 3, 0),
(3059, '2020-12-10 18:51:13', 5, 0),
(3060, '2020-12-10 18:51:13', 6, 0),
(3061, '2020-12-10 18:51:13', 7, 0),
(3062, '2020-12-10 18:51:13', 8, 0),
(3063, '2020-12-10 18:51:14', 4, 1),
(3064, '2020-12-10 18:52:13', 1, 1),
(3065, '2020-12-10 18:52:13', 2, 1),
(3066, '2020-12-10 18:52:13', 3, 0),
(3067, '2020-12-10 18:52:13', 5, 0),
(3068, '2020-12-10 18:52:14', 6, 0),
(3069, '2020-12-10 18:52:14', 7, 0),
(3070, '2020-12-10 18:52:14', 8, 0),
(3071, '2020-12-10 18:52:14', 4, 1),
(3072, '2020-12-10 18:53:13', 1, 1),
(3073, '2020-12-10 18:53:13', 2, 1),
(3074, '2020-12-10 18:53:13', 3, 0),
(3075, '2020-12-10 18:53:13', 5, 0),
(3076, '2020-12-10 18:53:13', 6, 0),
(3077, '2020-12-10 18:53:13', 7, 0),
(3078, '2020-12-10 18:53:13', 8, 0),
(3079, '2020-12-10 18:53:13', 4, 1),
(3080, '2020-12-10 18:54:13', 1, 1),
(3081, '2020-12-10 18:54:13', 2, 1),
(3082, '2020-12-10 18:54:13', 3, 0),
(3083, '2020-12-10 18:54:13', 5, 0),
(3084, '2020-12-10 18:54:13', 6, 0),
(3085, '2020-12-10 18:54:13', 7, 0),
(3086, '2020-12-10 18:54:13', 8, 0),
(3087, '2020-12-10 18:54:13', 4, 1),
(3088, '2020-12-10 18:55:13', 1, 1),
(3089, '2020-12-10 18:55:13', 2, 1),
(3090, '2020-12-10 18:55:13', 3, 0),
(3091, '2020-12-10 18:55:13', 5, 0),
(3092, '2020-12-10 18:55:14', 6, 0),
(3093, '2020-12-10 18:55:14', 7, 0),
(3094, '2020-12-10 18:55:14', 8, 0),
(3095, '2020-12-10 18:55:14', 4, 1),
(3096, '2020-12-10 18:56:13', 1, 1),
(3097, '2020-12-10 18:56:13', 2, 1),
(3098, '2020-12-10 18:56:13', 3, 0),
(3099, '2020-12-10 18:56:13', 5, 0),
(3100, '2020-12-10 18:56:13', 6, 0),
(3101, '2020-12-10 18:56:13', 7, 0),
(3102, '2020-12-10 18:56:13', 8, 0),
(3103, '2020-12-10 18:56:14', 4, 1),
(3104, '2020-12-10 18:57:13', 1, 1),
(3105, '2020-12-10 18:57:13', 2, 1),
(3106, '2020-12-10 18:57:13', 3, 0),
(3107, '2020-12-10 18:57:13', 5, 0),
(3108, '2020-12-10 18:57:13', 6, 0),
(3109, '2020-12-10 18:57:14', 7, 0),
(3110, '2020-12-10 18:57:14', 8, 0),
(3111, '2020-12-10 18:57:14', 4, 1),
(3112, '2020-12-10 18:58:14', 1, 1),
(3113, '2020-12-10 18:58:14', 2, 1),
(3114, '2020-12-10 18:58:14', 3, 0),
(3115, '2020-12-10 18:58:14', 5, 0),
(3116, '2020-12-10 18:58:14', 6, 0),
(3117, '2020-12-10 18:58:14', 7, 0),
(3118, '2020-12-10 18:58:14', 8, 0),
(3119, '2020-12-10 18:58:14', 4, 1),
(3120, '2020-12-10 18:59:13', 1, 1),
(3121, '2020-12-10 18:59:13', 2, 1),
(3122, '2020-12-10 18:59:13', 3, 0),
(3123, '2020-12-10 18:59:13', 5, 0),
(3124, '2020-12-10 18:59:13', 6, 0),
(3125, '2020-12-10 18:59:13', 7, 0),
(3126, '2020-12-10 18:59:14', 8, 0),
(3127, '2020-12-10 18:59:14', 4, 1),
(3128, '2020-12-10 19:00:13', 1, 1),
(3129, '2020-12-10 19:00:13', 2, 1),
(3130, '2020-12-10 19:00:13', 3, 0),
(3131, '2020-12-10 19:00:13', 5, 0),
(3132, '2020-12-10 19:00:13', 6, 0),
(3133, '2020-12-10 19:00:13', 7, 0),
(3134, '2020-12-10 19:00:14', 8, 0),
(3135, '2020-12-10 19:00:14', 4, 1),
(3136, '2020-12-10 19:01:13', 1, 1),
(3137, '2020-12-10 19:01:13', 2, 1),
(3138, '2020-12-10 19:01:13', 3, 0),
(3139, '2020-12-10 19:01:13', 5, 0),
(3140, '2020-12-10 19:01:13', 6, 0),
(3141, '2020-12-10 19:01:13', 7, 0),
(3142, '2020-12-10 19:01:14', 8, 0),
(3143, '2020-12-10 19:01:14', 4, 1),
(3144, '2020-12-10 19:02:13', 1, 1),
(3145, '2020-12-10 19:02:13', 2, 1),
(3146, '2020-12-10 19:02:13', 3, 0),
(3147, '2020-12-10 19:02:13', 5, 0),
(3148, '2020-12-10 19:02:14', 6, 0),
(3149, '2020-12-10 19:02:14', 7, 0),
(3150, '2020-12-10 19:02:14', 8, 0),
(3151, '2020-12-10 19:02:14', 4, 1),
(3152, '2020-12-10 19:03:13', 1, 1),
(3153, '2020-12-10 19:03:13', 2, 1),
(3154, '2020-12-10 19:03:13', 3, 0),
(3155, '2020-12-10 19:03:13', 5, 0),
(3156, '2020-12-10 19:03:13', 6, 0),
(3157, '2020-12-10 19:03:14', 7, 0),
(3158, '2020-12-10 19:03:14', 8, 0),
(3159, '2020-12-10 19:03:14', 4, 1),
(3160, '2020-12-10 19:04:13', 1, 1),
(3161, '2020-12-10 19:04:13', 2, 1),
(3162, '2020-12-10 19:04:13', 3, 0),
(3163, '2020-12-10 19:04:13', 5, 0),
(3164, '2020-12-10 19:04:13', 6, 0),
(3165, '2020-12-10 19:04:13', 7, 0),
(3166, '2020-12-10 19:04:13', 8, 0),
(3167, '2020-12-10 19:04:13', 4, 1),
(3168, '2020-12-10 19:05:12', 1, 1),
(3169, '2020-12-10 19:05:12', 2, 1),
(3170, '2020-12-10 19:05:13', 3, 0),
(3171, '2020-12-10 19:05:13', 5, 0),
(3172, '2020-12-10 19:05:13', 6, 0),
(3173, '2020-12-10 19:05:13', 7, 0),
(3174, '2020-12-10 19:05:13', 8, 0),
(3175, '2020-12-10 19:05:13', 4, 1),
(3176, '2020-12-10 19:06:13', 1, 1),
(3177, '2020-12-10 19:06:13', 2, 1),
(3178, '2020-12-10 19:06:14', 3, 0),
(3179, '2020-12-10 19:06:14', 5, 0),
(3180, '2020-12-10 19:06:14', 6, 0),
(3181, '2020-12-10 19:06:14', 7, 0),
(3182, '2020-12-10 19:06:14', 8, 0),
(3183, '2020-12-10 19:06:14', 4, 1),
(3184, '2020-12-10 19:07:13', 1, 1),
(3185, '2020-12-10 19:07:13', 2, 1),
(3186, '2020-12-10 19:07:13', 3, 0),
(3187, '2020-12-10 19:07:13', 5, 0),
(3188, '2020-12-10 19:07:13', 6, 0),
(3189, '2020-12-10 19:07:13', 7, 0),
(3190, '2020-12-10 19:07:13', 8, 0),
(3191, '2020-12-10 19:07:13', 4, 1),
(3192, '2020-12-10 19:08:13', 1, 1),
(3193, '2020-12-10 19:08:13', 2, 1),
(3194, '2020-12-10 19:08:13', 3, 0),
(3195, '2020-12-10 19:08:13', 5, 0),
(3196, '2020-12-10 19:08:13', 6, 0),
(3197, '2020-12-10 19:08:13', 7, 0),
(3198, '2020-12-10 19:08:13', 8, 0),
(3199, '2020-12-10 19:08:13', 4, 1),
(3200, '2020-12-10 19:09:14', 1, 1),
(3201, '2020-12-10 19:09:14', 2, 1),
(3202, '2020-12-10 19:09:14', 3, 0),
(3203, '2020-12-10 19:09:14', 5, 0),
(3204, '2020-12-10 19:09:14', 6, 0),
(3205, '2020-12-10 19:09:14', 7, 0),
(3206, '2020-12-10 19:09:14', 8, 0),
(3207, '2020-12-10 19:09:14', 4, 1),
(3208, '2020-12-10 19:10:14', 1, 1),
(3209, '2020-12-10 19:10:14', 2, 1),
(3210, '2020-12-10 19:10:14', 3, 0),
(3211, '2020-12-10 19:10:14', 5, 0),
(3212, '2020-12-10 19:10:14', 6, 0),
(3213, '2020-12-10 19:10:14', 7, 0),
(3214, '2020-12-10 19:10:14', 8, 0),
(3215, '2020-12-10 19:10:14', 4, 1),
(3216, '2020-12-10 19:11:14', 1, 1),
(3217, '2020-12-10 19:11:14', 2, 1),
(3218, '2020-12-10 19:11:14', 3, 0),
(3219, '2020-12-10 19:11:14', 5, 0),
(3220, '2020-12-10 19:11:14', 6, 0),
(3221, '2020-12-10 19:11:14', 7, 0),
(3222, '2020-12-10 19:11:14', 8, 0),
(3223, '2020-12-10 19:11:14', 4, 1),
(3224, '2020-12-10 19:12:14', 1, 1),
(3225, '2020-12-10 19:12:14', 2, 1),
(3226, '2020-12-10 19:12:14', 3, 0),
(3227, '2020-12-10 19:12:14', 5, 0),
(3228, '2020-12-10 19:12:14', 6, 0),
(3229, '2020-12-10 19:12:14', 7, 0),
(3230, '2020-12-10 19:12:14', 8, 0),
(3231, '2020-12-10 19:12:14', 4, 1),
(3232, '2020-12-10 19:13:14', 1, 1),
(3233, '2020-12-10 19:13:14', 2, 1),
(3234, '2020-12-10 19:13:14', 3, 0),
(3235, '2020-12-10 19:13:14', 5, 0),
(3236, '2020-12-10 19:13:14', 6, 0),
(3237, '2020-12-10 19:13:14', 7, 0),
(3238, '2020-12-10 19:13:14', 8, 0),
(3239, '2020-12-10 19:13:14', 4, 1),
(3240, '2020-12-10 19:14:14', 1, 1),
(3241, '2020-12-10 19:14:14', 2, 1),
(3242, '2020-12-10 19:14:14', 3, 0),
(3243, '2020-12-10 19:14:14', 5, 0),
(3244, '2020-12-10 19:14:14', 6, 0),
(3245, '2020-12-10 19:14:14', 7, 0),
(3246, '2020-12-10 19:14:14', 8, 0),
(3247, '2020-12-10 19:14:14', 4, 1),
(3248, '2020-12-10 19:15:14', 1, 1),
(3249, '2020-12-10 19:15:14', 2, 1),
(3250, '2020-12-10 19:15:14', 3, 0),
(3251, '2020-12-10 19:15:14', 5, 0),
(3252, '2020-12-10 19:15:14', 6, 0),
(3253, '2020-12-10 19:15:14', 7, 0),
(3254, '2020-12-10 19:15:14', 8, 0),
(3255, '2020-12-10 19:15:14', 4, 1),
(3256, '2020-12-10 19:21:13', 1, 1),
(3257, '2020-12-10 19:21:13', 2, 1),
(3258, '2020-12-10 19:21:13', 3, 0),
(3259, '2020-12-10 19:21:13', 5, 0),
(3260, '2020-12-10 19:21:13', 6, 0),
(3261, '2020-12-10 19:21:13', 7, 0),
(3262, '2020-12-10 19:21:13', 8, 0),
(3263, '2020-12-10 19:21:13', 4, 1),
(3264, '2020-12-10 19:22:12', 1, 1),
(3265, '2020-12-10 19:22:12', 2, 1),
(3266, '2020-12-10 19:22:13', 3, 0),
(3267, '2020-12-10 19:22:13', 5, 0),
(3268, '2020-12-10 19:22:13', 6, 0),
(3269, '2020-12-10 19:22:13', 7, 0),
(3270, '2020-12-10 19:22:13', 8, 0),
(3271, '2020-12-10 19:22:13', 4, 1),
(3272, '2020-12-10 19:23:13', 1, 1),
(3273, '2020-12-10 19:23:13', 2, 1),
(3274, '2020-12-10 19:23:13', 3, 0),
(3275, '2020-12-10 19:23:13', 5, 0),
(3276, '2020-12-10 19:23:13', 6, 0),
(3277, '2020-12-10 19:23:13', 7, 0),
(3278, '2020-12-10 19:23:13', 8, 0),
(3279, '2020-12-10 19:23:14', 4, 1),
(3280, '2020-12-10 19:26:06', 1, 1),
(3281, '2020-12-10 19:26:06', 2, 1),
(3282, '2020-12-10 19:26:06', 3, 0),
(3283, '2020-12-10 19:26:06', 5, 0),
(3284, '2020-12-10 19:26:06', 6, 0),
(3285, '2020-12-10 19:26:06', 7, 0),
(3286, '2020-12-10 19:26:06', 8, 0),
(3287, '2020-12-10 19:26:06', 4, 1),
(3288, '2020-12-10 19:26:17', 1, 1),
(3289, '2020-12-10 19:26:17', 2, 1),
(3290, '2020-12-10 19:26:17', 3, 0),
(3291, '2020-12-10 19:26:17', 5, 0),
(3292, '2020-12-10 19:26:17', 6, 0),
(3293, '2020-12-10 19:26:17', 7, 0),
(3294, '2020-12-10 19:26:17', 8, 0),
(3295, '2020-12-10 19:26:17', 4, 1),
(3296, '2020-12-10 19:28:13', 1, 1),
(3297, '2020-12-10 19:28:13', 2, 1),
(3298, '2020-12-10 19:28:13', 3, 0),
(3299, '2020-12-10 19:28:13', 5, 0),
(3300, '2020-12-10 19:28:13', 6, 0),
(3301, '2020-12-10 19:28:13', 7, 0),
(3302, '2020-12-10 19:28:13', 8, 0),
(3303, '2020-12-10 19:28:13', 4, 1),
(3304, '2020-12-10 19:32:16', 1, 1),
(3305, '2020-12-10 19:32:16', 2, 1),
(3306, '2020-12-10 19:32:16', 4, 1),
(3307, '2020-12-10 19:32:29', 1, 1),
(3308, '2020-12-10 19:32:29', 2, 1),
(3309, '2020-12-10 19:32:29', 4, 1),
(3310, '2020-12-10 19:33:13', 1, 1),
(3311, '2020-12-10 19:33:13', 2, 1),
(3312, '2020-12-10 19:33:13', 4, 1),
(3313, '2020-12-10 19:34:14', 1, 1),
(3314, '2020-12-10 19:34:14', 2, 1),
(3315, '2020-12-10 19:34:14', 4, 1),
(3316, '2020-12-10 19:35:13', 1, 1),
(3317, '2020-12-10 19:35:14', 2, 1),
(3318, '2020-12-10 19:36:13', 1, 1),
(3319, '2020-12-10 19:36:13', 2, 1),
(3320, '2020-12-10 19:36:13', 4, 1),
(3321, '2020-12-10 19:37:13', 1, 1),
(3322, '2020-12-10 19:37:13', 2, 1),
(3323, '2020-12-10 19:37:14', 4, 1),
(3324, '2020-12-10 19:38:13', 1, 1),
(3325, '2020-12-10 19:38:13', 2, 1),
(3326, '2020-12-10 19:39:13', 1, 1),
(3327, '2020-12-10 19:39:13', 2, 1),
(3328, '2020-12-10 19:40:14', 1, 1),
(3329, '2020-12-10 19:40:14', 2, 1),
(3330, '2020-12-10 19:40:15', 4, 1),
(3331, '2020-12-10 19:41:14', 1, 1),
(3332, '2020-12-10 19:41:14', 2, 1),
(3333, '2020-12-10 19:41:14', 4, 1),
(3334, '2020-12-10 19:42:14', 1, 1),
(3335, '2020-12-10 19:42:14', 2, 1),
(3336, '2020-12-10 19:42:14', 4, 1),
(3337, '2020-12-10 19:43:13', 1, 1),
(3338, '2020-12-10 19:43:13', 2, 1),
(3339, '2020-12-10 19:43:13', 4, 1),
(3340, '2020-12-10 19:44:12', 1, 1),
(3341, '2020-12-10 19:44:12', 2, 1),
(3342, '2020-12-10 19:44:12', 4, 0),
(3343, '2020-12-10 19:45:13', 1, 1),
(3344, '2020-12-10 19:45:13', 2, 1),
(3345, '2020-12-10 19:45:13', 4, 1),
(3346, '2020-12-10 19:46:14', 1, 1),
(3347, '2020-12-10 19:46:14', 2, 1),
(3348, '2020-12-10 19:46:14', 4, 1),
(3349, '2020-12-10 19:47:13', 1, 1),
(3350, '2020-12-10 19:47:13', 2, 1),
(3351, '2020-12-10 19:47:13', 4, 1),
(3352, '2020-12-10 19:47:13', 5, 1),
(3353, '2020-12-10 19:48:13', 1, 1),
(3354, '2020-12-10 19:48:13', 2, 1),
(3355, '2020-12-10 19:48:14', 4, 1),
(3356, '2020-12-10 19:48:14', 5, 1),
(3357, '2020-12-10 19:49:13', 1, 1),
(3358, '2020-12-10 19:49:13', 2, 1),
(3359, '2020-12-10 19:49:13', 4, 1),
(3360, '2020-12-10 19:49:13', 5, 1),
(3361, '2020-12-10 19:49:13', 3, 1),
(3362, '2020-12-10 19:50:13', 1, 1),
(3363, '2020-12-10 19:50:13', 2, 1),
(3364, '2020-12-10 19:50:13', 3, 1),
(3365, '2020-12-10 19:50:13', 4, 1),
(3366, '2020-12-10 19:50:13', 5, 1),
(3367, '2020-12-10 19:51:13', 1, 1),
(3368, '2020-12-10 19:51:13', 2, 1),
(3369, '2020-12-10 19:51:13', 3, 1),
(3370, '2020-12-10 19:51:13', 4, 1),
(3371, '2020-12-10 19:51:13', 5, 1),
(3372, '2020-12-10 19:52:13', 1, 1),
(3373, '2020-12-10 19:52:13', 2, 1),
(3374, '2020-12-10 19:52:13', 3, 1),
(3375, '2020-12-10 19:52:13', 4, 1),
(3376, '2020-12-10 19:52:13', 5, 1),
(3377, '2020-12-10 19:53:13', 1, 1),
(3378, '2020-12-10 19:53:13', 2, 1),
(3379, '2020-12-10 19:53:13', 3, 1),
(3380, '2020-12-10 19:53:13', 4, 1),
(3381, '2020-12-10 19:53:13', 5, 1),
(3382, '2020-12-10 19:54:13', 1, 1),
(3383, '2020-12-10 19:54:13', 2, 1),
(3384, '2020-12-10 19:54:13', 3, 1),
(3385, '2020-12-10 19:54:13', 4, 1),
(3386, '2020-12-10 19:54:13', 5, 1),
(3387, '2020-12-10 19:55:13', 1, 1),
(3388, '2020-12-10 19:55:13', 2, 1),
(3389, '2020-12-10 19:55:13', 3, 1),
(3390, '2020-12-10 19:55:13', 4, 1),
(3391, '2020-12-10 19:55:13', 5, 1),
(3392, '2020-12-10 19:56:14', 1, 1),
(3393, '2020-12-10 19:56:14', 2, 1),
(3394, '2020-12-10 19:56:14', 3, 1),
(3395, '2020-12-10 19:56:14', 4, 1),
(3396, '2020-12-10 19:56:14', 5, 1),
(3397, '2020-12-10 19:57:13', 1, 1),
(3398, '2020-12-10 19:57:13', 2, 1),
(3399, '2020-12-10 19:57:13', 3, 1),
(3400, '2020-12-10 19:57:13', 5, 1),
(3401, '2020-12-10 19:57:13', 4, 0),
(3402, '2020-12-10 19:58:12', 1, 1),
(3403, '2020-12-10 19:58:13', 2, 1),
(3404, '2020-12-10 19:58:13', 3, 1),
(3405, '2020-12-10 19:58:13', 5, 1),
(3406, '2020-12-10 19:58:13', 4, 0),
(3407, '2020-12-10 19:58:13', 6, 1),
(3408, '2020-12-10 19:58:13', 7, 1),
(3409, '2020-12-10 19:58:13', 8, 1),
(3410, '2020-12-10 19:59:14', 1, 1),
(3411, '2020-12-10 19:59:14', 2, 1),
(3412, '2020-12-10 19:59:14', 3, 1),
(3413, '2020-12-10 19:59:14', 5, 1),
(3414, '2020-12-10 19:59:14', 6, 1),
(3415, '2020-12-10 19:59:14', 7, 1),
(3416, '2020-12-10 19:59:14', 8, 1),
(3417, '2020-12-10 19:59:14', 4, 0),
(3418, '2020-12-10 20:00:14', 1, 1),
(3419, '2020-12-10 20:00:14', 2, 1),
(3420, '2020-12-10 20:00:14', 3, 1),
(3421, '2020-12-10 20:00:14', 5, 1),
(3422, '2020-12-10 20:00:14', 6, 1),
(3423, '2020-12-10 20:00:14', 7, 1),
(3424, '2020-12-10 20:00:14', 8, 1),
(3425, '2020-12-10 20:00:14', 4, 0),
(3426, '2020-12-10 20:01:14', 2, 1),
(3427, '2020-12-10 20:01:14', 3, 1),
(3428, '2020-12-10 20:01:14', 5, 1),
(3429, '2020-12-10 20:01:14', 6, 1),
(3430, '2020-12-10 20:01:14', 7, 1),
(3431, '2020-12-10 20:01:14', 8, 1),
(3432, '2020-12-10 20:01:14', 1, 0),
(3433, '2020-12-10 20:01:14', 4, 0),
(3434, '2020-12-10 20:02:13', 2, 1),
(3435, '2020-12-10 20:02:14', 3, 1),
(3436, '2020-12-10 20:02:14', 5, 1),
(3437, '2020-12-10 20:02:14', 1, 0),
(3438, '2020-12-10 20:02:14', 4, 0),
(3439, '2020-12-10 20:02:14', 6, 0),
(3440, '2020-12-10 20:02:14', 7, 0),
(3441, '2020-12-10 20:02:14', 8, 0),
(3442, '2020-12-10 20:03:13', 2, 1),
(3443, '2020-12-10 20:03:13', 3, 1),
(3444, '2020-12-10 20:03:13', 5, 1),
(3445, '2020-12-10 20:03:13', 1, 0),
(3446, '2020-12-10 20:03:13', 4, 0),
(3447, '2020-12-10 20:03:13', 6, 0),
(3448, '2020-12-10 20:03:13', 7, 0),
(3449, '2020-12-10 20:03:14', 8, 0),
(3450, '2020-12-10 20:04:13', 2, 1),
(3451, '2020-12-10 20:04:13', 3, 1),
(3452, '2020-12-10 20:04:13', 5, 1),
(3453, '2020-12-10 20:04:13', 1, 0),
(3454, '2020-12-10 20:04:13', 4, 0),
(3455, '2020-12-10 20:04:13', 6, 0),
(3456, '2020-12-10 20:04:13', 7, 0),
(3457, '2020-12-10 20:04:13', 8, 0),
(3458, '2020-12-10 20:05:13', 1, 1),
(3459, '2020-12-10 20:05:14', 2, 1),
(3460, '2020-12-10 20:05:14', 3, 1),
(3461, '2020-12-10 20:05:14', 5, 1),
(3462, '2020-12-10 20:05:14', 4, 0),
(3463, '2020-12-10 20:05:14', 6, 0),
(3464, '2020-12-10 20:05:14', 7, 0),
(3465, '2020-12-10 20:05:14', 8, 0),
(3466, '2020-12-10 20:05:58', 1, 1),
(3467, '2020-12-10 20:05:58', 2, 1),
(3468, '2020-12-10 20:05:58', 3, 1),
(3469, '2020-12-10 20:05:59', 5, 1),
(3470, '2020-12-10 20:05:59', 4, 0),
(3471, '2020-12-10 20:05:59', 6, 0),
(3472, '2020-12-10 20:05:59', 7, 0),
(3473, '2020-12-10 20:05:59', 8, 0),
(3474, '2020-12-10 20:06:13', 2, 1),
(3475, '2020-12-10 20:06:13', 3, 1),
(3476, '2020-12-10 20:06:13', 5, 1),
(3477, '2020-12-10 20:06:13', 1, 0),
(3478, '2020-12-10 20:06:14', 4, 0),
(3479, '2020-12-10 20:06:14', 6, 0),
(3480, '2020-12-10 20:06:14', 7, 0),
(3481, '2020-12-10 20:06:14', 8, 0),
(3482, '2020-12-10 20:07:13', 2, 1),
(3483, '2020-12-10 20:07:13', 3, 1),
(3484, '2020-12-10 20:07:13', 5, 1),
(3485, '2020-12-10 20:07:13', 1, 0),
(3486, '2020-12-10 20:07:13', 4, 0),
(3487, '2020-12-10 20:07:13', 6, 0),
(3488, '2020-12-10 20:07:14', 7, 0),
(3489, '2020-12-10 20:07:14', 8, 0),
(3490, '2020-12-10 20:08:13', 2, 1),
(3491, '2020-12-10 20:08:13', 3, 1),
(3492, '2020-12-10 20:08:13', 5, 1),
(3493, '2020-12-10 20:08:13', 1, 0),
(3494, '2020-12-10 20:08:13', 4, 0),
(3495, '2020-12-10 20:08:13', 6, 0),
(3496, '2020-12-10 20:08:13', 7, 0),
(3497, '2020-12-10 20:08:13', 8, 0),
(3498, '2020-12-10 20:08:29', 2, 1),
(3499, '2020-12-10 20:08:29', 3, 1),
(3500, '2020-12-10 20:08:29', 5, 1),
(3501, '2020-12-10 20:08:29', 1, 0),
(3502, '2020-12-10 20:08:29', 4, 0),
(3503, '2020-12-10 20:08:29', 6, 0),
(3504, '2020-12-10 20:08:29', 7, 0),
(3505, '2020-12-10 20:08:29', 8, 0),
(3506, '2020-12-10 20:09:13', 1, 1),
(3507, '2020-12-10 20:09:13', 2, 1),
(3508, '2020-12-10 20:09:13', 3, 1),
(3509, '2020-12-10 20:09:13', 5, 1),
(3510, '2020-12-10 20:09:13', 4, 0),
(3511, '2020-12-10 20:09:13', 6, 0),
(3512, '2020-12-10 20:09:13', 7, 0),
(3513, '2020-12-10 20:09:13', 8, 0),
(3514, '2020-12-11 12:48:08', 1, 1),
(3515, '2020-12-11 12:48:09', 2, 1),
(3516, '2020-12-11 12:48:09', 3, 1),
(3517, '2020-12-11 12:48:09', 5, 1),
(3518, '2020-12-11 12:49:06', 1, 1),
(3519, '2020-12-11 12:49:06', 2, 1),
(3520, '2020-12-11 12:49:06', 3, 1),
(3521, '2020-12-11 12:49:06', 5, 1),
(3522, '2020-12-11 12:50:06', 1, 1),
(3523, '2020-12-11 12:50:06', 2, 1),
(3524, '2020-12-11 12:50:06', 3, 1),
(3525, '2020-12-11 12:50:06', 5, 1),
(3526, '2020-12-11 12:51:06', 1, 1),
(3527, '2020-12-11 12:51:06', 2, 1),
(3528, '2020-12-11 12:51:06', 3, 1),
(3529, '2020-12-11 12:51:06', 5, 1),
(3530, '2020-12-11 12:52:07', 1, 1),
(3531, '2020-12-11 12:52:07', 2, 1),
(3532, '2020-12-11 12:52:07', 3, 1),
(3533, '2020-12-11 12:52:07', 5, 1),
(3534, '2020-12-11 12:53:06', 1, 1),
(3535, '2020-12-11 12:53:06', 2, 1),
(3536, '2020-12-11 12:53:06', 3, 1),
(3537, '2020-12-11 12:53:06', 5, 1),
(3538, '2020-12-11 12:54:07', 1, 1),
(3539, '2020-12-11 12:54:07', 2, 1),
(3540, '2020-12-11 12:54:07', 3, 1),
(3541, '2020-12-11 12:54:07', 5, 1),
(3542, '2020-12-11 12:55:07', 1, 1),
(3543, '2020-12-11 12:55:07', 2, 1),
(3544, '2020-12-11 12:55:07', 3, 1),
(3545, '2020-12-11 12:55:07', 5, 1),
(3546, '2020-12-11 12:56:07', 1, 1),
(3547, '2020-12-11 12:56:07', 2, 1),
(3548, '2020-12-11 12:56:07', 3, 1),
(3549, '2020-12-11 12:56:07', 5, 1),
(3550, '2020-12-11 12:57:06', 1, 1),
(3551, '2020-12-11 12:57:06', 2, 1),
(3552, '2020-12-11 12:57:06', 3, 1),
(3553, '2020-12-11 12:57:06', 5, 1),
(3554, '2020-12-11 12:58:06', 1, 1),
(3555, '2020-12-11 12:58:06', 2, 1),
(3556, '2020-12-11 12:58:06', 3, 1),
(3557, '2020-12-11 12:58:06', 5, 1),
(3558, '2020-12-11 12:59:06', 1, 1),
(3559, '2020-12-11 12:59:06', 2, 1),
(3560, '2020-12-11 12:59:06', 3, 1),
(3561, '2020-12-11 12:59:06', 5, 1),
(3562, '2020-12-11 13:00:06', 1, 1),
(3563, '2020-12-11 13:00:06', 2, 1),
(3564, '2020-12-11 13:00:07', 3, 1),
(3565, '2020-12-11 13:00:07', 5, 1),
(3566, '2020-12-11 13:01:07', 1, 1),
(3567, '2020-12-11 13:01:07', 2, 1),
(3568, '2020-12-11 13:01:07', 3, 1),
(3569, '2020-12-11 13:01:07', 5, 1),
(3570, '2020-12-11 13:02:06', 1, 1),
(3571, '2020-12-11 13:02:06', 2, 1),
(3572, '2020-12-11 13:02:06', 3, 1),
(3573, '2020-12-11 13:02:06', 5, 1),
(3574, '2020-12-11 13:03:05', 1, 1),
(3575, '2020-12-11 13:03:06', 2, 1),
(3576, '2020-12-11 13:03:06', 3, 1),
(3577, '2020-12-11 13:03:06', 5, 1),
(3578, '2020-12-11 13:04:06', 1, 1),
(3579, '2020-12-11 13:04:06', 2, 1),
(3580, '2020-12-11 13:04:06', 3, 1),
(3581, '2020-12-11 13:04:06', 5, 0),
(3582, '2020-12-11 13:05:06', 1, 1),
(3583, '2020-12-11 13:05:06', 2, 1),
(3584, '2020-12-11 13:05:06', 3, 1),
(3585, '2020-12-11 13:05:06', 5, 1),
(3586, '2020-12-11 13:06:06', 1, 1),
(3587, '2020-12-11 13:06:06', 2, 1),
(3588, '2020-12-11 13:06:06', 3, 1),
(3589, '2020-12-11 13:06:06', 5, 1),
(3590, '2020-12-11 13:07:06', 1, 1),
(3591, '2020-12-11 13:07:06', 2, 1),
(3592, '2020-12-11 13:07:06', 3, 1),
(3593, '2020-12-11 13:07:06', 5, 1),
(3594, '2020-12-11 13:08:06', 1, 1),
(3595, '2020-12-11 13:08:06', 2, 1),
(3596, '2020-12-11 13:08:06', 3, 1),
(3597, '2020-12-11 13:08:06', 5, 1),
(3598, '2020-12-11 13:09:06', 1, 1),
(3599, '2020-12-11 13:09:06', 2, 1),
(3600, '2020-12-11 13:09:06', 3, 1),
(3601, '2020-12-11 13:09:06', 5, 1),
(3602, '2020-12-11 13:10:06', 1, 1),
(3603, '2020-12-11 13:10:06', 2, 1),
(3604, '2020-12-11 13:10:06', 3, 1),
(3605, '2020-12-11 13:10:06', 5, 1),
(3606, '2020-12-11 13:11:06', 1, 1),
(3607, '2020-12-11 13:11:06', 2, 1),
(3608, '2020-12-11 13:11:06', 3, 1),
(3609, '2020-12-11 13:11:06', 5, 1),
(3610, '2020-12-11 13:12:06', 1, 1),
(3611, '2020-12-11 13:12:06', 2, 1),
(3612, '2020-12-11 13:12:06', 3, 1),
(3613, '2020-12-11 13:12:06', 5, 1),
(3614, '2020-12-11 13:13:07', 1, 1),
(3615, '2020-12-11 13:13:07', 2, 1),
(3616, '2020-12-11 13:13:07', 3, 1),
(3617, '2020-12-11 13:13:07', 5, 1),
(3618, '2020-12-11 13:14:06', 1, 1),
(3619, '2020-12-11 13:14:06', 2, 1),
(3620, '2020-12-11 13:14:06', 3, 1),
(3621, '2020-12-11 13:14:06', 5, 1),
(3622, '2020-12-11 13:15:06', 1, 1),
(3623, '2020-12-11 13:15:06', 2, 1),
(3624, '2020-12-11 13:15:06', 3, 1),
(3625, '2020-12-11 13:15:06', 5, 1),
(3626, '2020-12-11 13:16:06', 1, 1),
(3627, '2020-12-11 13:16:06', 2, 1),
(3628, '2020-12-11 13:16:06', 3, 1),
(3629, '2020-12-11 13:16:06', 5, 1),
(3630, '2020-12-11 13:17:06', 1, 1),
(3631, '2020-12-11 13:17:06', 2, 1),
(3632, '2020-12-11 13:17:06', 3, 1),
(3633, '2020-12-11 13:17:06', 5, 1),
(3634, '2020-12-11 13:18:06', 1, 1),
(3635, '2020-12-11 13:18:06', 2, 1),
(3636, '2020-12-11 13:18:06', 3, 1),
(3637, '2020-12-11 13:18:07', 5, 1),
(3638, '2020-12-11 13:19:06', 1, 1),
(3639, '2020-12-11 13:19:06', 2, 1),
(3640, '2020-12-11 13:19:06', 3, 1),
(3641, '2020-12-11 13:19:06', 5, 1),
(3642, '2020-12-11 13:20:06', 1, 1),
(3643, '2020-12-11 13:20:06', 2, 1),
(3644, '2020-12-11 13:20:06', 3, 1),
(3645, '2020-12-11 13:20:06', 5, 1),
(3646, '2020-12-11 13:21:05', 1, 1),
(3647, '2020-12-11 13:21:05', 2, 1),
(3648, '2020-12-11 13:21:06', 3, 1),
(3649, '2020-12-11 13:21:06', 5, 1),
(3650, '2020-12-11 13:22:06', 1, 1),
(3651, '2020-12-11 13:22:06', 2, 1),
(3652, '2020-12-11 13:22:06', 3, 1),
(3653, '2020-12-11 13:22:06', 5, 1),
(3654, '2020-12-11 13:23:06', 1, 1),
(3655, '2020-12-11 13:23:06', 2, 1),
(3656, '2020-12-11 13:23:06', 3, 1),
(3657, '2020-12-11 13:23:06', 5, 1),
(3658, '2020-12-11 13:24:07', 1, 1),
(3659, '2020-12-11 13:24:07', 2, 1),
(3660, '2020-12-11 13:24:07', 3, 1),
(3661, '2020-12-11 13:24:07', 5, 1),
(3662, '2020-12-11 13:25:07', 1, 1),
(3663, '2020-12-11 13:25:07', 2, 1),
(3664, '2020-12-11 13:25:07', 3, 1),
(3665, '2020-12-11 13:25:07', 5, 1),
(3666, '2020-12-11 13:26:07', 1, 1),
(3667, '2020-12-11 13:26:07', 2, 1),
(3668, '2020-12-11 13:26:07', 3, 1),
(3669, '2020-12-11 13:26:07', 5, 1),
(3670, '2020-12-11 13:27:06', 1, 1),
(3671, '2020-12-11 13:27:06', 2, 1),
(3672, '2020-12-11 13:27:06', 3, 1),
(3673, '2020-12-11 13:27:06', 5, 1),
(3674, '2020-12-11 13:28:06', 1, 1),
(3675, '2020-12-11 13:28:06', 2, 1),
(3676, '2020-12-11 13:28:06', 3, 1),
(3677, '2020-12-11 13:28:07', 5, 1),
(3678, '2020-12-11 13:29:06', 1, 1),
(3679, '2020-12-11 13:29:06', 2, 1),
(3680, '2020-12-11 13:29:06', 3, 1),
(3681, '2020-12-11 13:29:06', 5, 1),
(3682, '2020-12-11 13:30:07', 1, 1),
(3683, '2020-12-11 13:30:07', 2, 1),
(3684, '2020-12-11 13:30:07', 3, 1),
(3685, '2020-12-11 13:30:07', 5, 1),
(3686, '2020-12-11 13:31:05', 1, 1),
(3687, '2020-12-11 13:31:06', 2, 1),
(3688, '2020-12-11 13:31:06', 3, 1),
(3689, '2020-12-11 13:31:06', 5, 1),
(3690, '2020-12-11 13:32:06', 1, 1),
(3691, '2020-12-11 13:32:06', 2, 1),
(3692, '2020-12-11 13:32:06', 3, 1),
(3693, '2020-12-11 13:32:06', 5, 1),
(3694, '2020-12-11 13:33:07', 1, 1),
(3695, '2020-12-11 13:33:07', 2, 1),
(3696, '2020-12-11 13:33:07', 3, 1),
(3697, '2020-12-11 13:33:07', 5, 1),
(3698, '2020-12-11 13:34:06', 1, 1),
(3699, '2020-12-11 13:34:06', 2, 1),
(3700, '2020-12-11 13:34:06', 3, 1),
(3701, '2020-12-11 13:34:06', 5, 1),
(3702, '2020-12-11 13:35:05', 1, 1),
(3703, '2020-12-11 13:35:06', 2, 1),
(3704, '2020-12-11 13:35:06', 3, 1),
(3705, '2020-12-11 13:35:06', 5, 1),
(3706, '2020-12-11 13:36:07', 1, 1),
(3707, '2020-12-11 13:36:07', 2, 1),
(3708, '2020-12-11 13:36:07', 3, 1),
(3709, '2020-12-11 13:36:07', 5, 1),
(3710, '2020-12-11 13:37:07', 1, 1),
(3711, '2020-12-11 13:37:07', 2, 1),
(3712, '2020-12-11 13:37:07', 3, 1),
(3713, '2020-12-11 13:37:07', 5, 1),
(3714, '2020-12-11 13:38:07', 1, 1),
(3715, '2020-12-11 13:38:07', 2, 1),
(3716, '2020-12-11 13:38:07', 3, 1),
(3717, '2020-12-11 13:38:07', 5, 1),
(3718, '2020-12-11 13:39:07', 1, 1),
(3719, '2020-12-11 13:39:07', 2, 1),
(3720, '2020-12-11 13:39:07', 3, 1),
(3721, '2020-12-11 13:39:07', 5, 1),
(3722, '2020-12-11 13:40:06', 1, 1),
(3723, '2020-12-11 13:40:07', 2, 1),
(3724, '2020-12-11 13:40:07', 3, 1),
(3725, '2020-12-11 13:40:07', 5, 1),
(3726, '2020-12-11 13:41:07', 1, 1),
(3727, '2020-12-11 13:41:07', 2, 1),
(3728, '2020-12-11 13:41:07', 3, 1),
(3729, '2020-12-11 13:41:07', 5, 1),
(3730, '2020-12-11 13:42:06', 1, 1),
(3731, '2020-12-11 13:42:06', 2, 1),
(3732, '2020-12-11 13:42:06', 3, 1),
(3733, '2020-12-11 13:42:06', 5, 1),
(3734, '2020-12-11 13:43:06', 1, 1),
(3735, '2020-12-11 13:43:06', 2, 1),
(3736, '2020-12-11 13:43:06', 3, 1),
(3737, '2020-12-11 13:43:07', 5, 1),
(3738, '2020-12-11 13:44:06', 1, 1),
(3739, '2020-12-11 13:44:06', 2, 1),
(3740, '2020-12-11 13:44:06', 3, 1),
(3741, '2020-12-11 13:44:06', 5, 1),
(3742, '2020-12-11 13:45:07', 1, 1),
(3743, '2020-12-11 13:45:07', 2, 1),
(3744, '2020-12-11 13:45:07', 3, 1),
(3745, '2020-12-11 13:45:07', 5, 1),
(3746, '2020-12-11 13:46:08', 1, 1),
(3747, '2020-12-11 13:46:08', 2, 1),
(3748, '2020-12-11 13:46:08', 5, 1),
(3749, '2020-12-11 13:46:08', 3, 0),
(3750, '2020-12-11 13:47:06', 1, 1),
(3751, '2020-12-11 13:47:06', 2, 1),
(3752, '2020-12-11 13:47:06', 3, 1),
(3753, '2020-12-11 13:47:06', 5, 1),
(3754, '2020-12-11 13:48:06', 1, 1),
(3755, '2020-12-11 13:48:07', 2, 1),
(3756, '2020-12-11 13:48:07', 3, 1),
(3757, '2020-12-11 13:48:07', 5, 1),
(3758, '2020-12-11 13:49:07', 1, 1),
(3759, '2020-12-11 13:49:07', 2, 1),
(3760, '2020-12-11 13:49:07', 3, 1),
(3761, '2020-12-11 13:49:07', 5, 1),
(3762, '2020-12-11 13:50:07', 1, 1),
(3763, '2020-12-11 13:50:07', 2, 1),
(3764, '2020-12-11 13:50:07', 3, 1),
(3765, '2020-12-11 13:50:07', 5, 1),
(3766, '2020-12-11 13:51:06', 1, 1),
(3767, '2020-12-11 13:51:06', 2, 1),
(3768, '2020-12-11 13:51:06', 3, 1),
(3769, '2020-12-11 13:51:06', 5, 1),
(3770, '2020-12-11 13:52:07', 1, 1),
(3771, '2020-12-11 13:52:07', 2, 1),
(3772, '2020-12-11 13:52:07', 3, 1),
(3773, '2020-12-11 13:52:07', 5, 1),
(3774, '2020-12-11 13:53:06', 1, 1),
(3775, '2020-12-11 13:53:06', 2, 1),
(3776, '2020-12-11 13:53:06', 3, 1),
(3777, '2020-12-11 13:53:06', 5, 1),
(3778, '2020-12-11 13:54:06', 1, 1),
(3779, '2020-12-11 13:54:06', 2, 1),
(3780, '2020-12-11 13:54:06', 3, 1),
(3781, '2020-12-11 13:54:06', 5, 1);

-- --------------------------------------------------------

--
-- Table structure for table `ruangan`
--

CREATE TABLE `ruangan` (
  `id_ruangan` int(11) NOT NULL,
  `nama_ruangan` varchar(50) NOT NULL,
  `id_device` int(11) NOT NULL
) ENGINE=InnoDB DEFAULT CHARSET=utf8mb4;

--
-- Dumping data for table `ruangan`
--

INSERT INTO `ruangan` (`id_ruangan`, `nama_ruangan`, `id_device`) VALUES
(1, 'Meeting', 1),
(2, 'Gudang', 2),
(3, 'R. Staff', 4),
(5, 'Loby3', 5);

-- --------------------------------------------------------

--
-- Table structure for table `status`
--

CREATE TABLE `status` (
  `id_status` int(5) NOT NULL,
  `nama_status` varchar(20) NOT NULL
) ENGINE=InnoDB DEFAULT CHARSET=utf8mb4;

--
-- Dumping data for table `status`
--

INSERT INTO `status` (`id_status`, `nama_status`) VALUES
(1, 'Aktif'),
(2, 'Dalam Perbaikan'),
(3, 'Hilang'),
(4, 'Rusak'),
(5, 'Not Found');

-- --------------------------------------------------------

--
-- Table structure for table `user`
--

CREATE TABLE `user` (
  `id_user` int(11) NOT NULL,
  `nama` varchar(30) NOT NULL,
  `username` varchar(30) NOT NULL,
  `password` varchar(32) NOT NULL
) ENGINE=InnoDB DEFAULT CHARSET=utf8mb4;

--
-- Dumping data for table `user`
--

INSERT INTO `user` (`id_user`, `nama`, `username`, `password`) VALUES
(1, 'Admin', 'admin', '21232f297a57a5a743894a0e4a801fc3'),
(2, 'tono', 'tono', '14d2d4119982cd6c68a566e523cb16ae');

--
-- Indexes for dumped tables
--

--
-- Indexes for table `barang`
--
ALTER TABLE `barang`
  ADD PRIMARY KEY (`id_barang`),
  ADD KEY `id_status` (`id_status`),
  ADD KEY `id_ruangan` (`id_ruangan`);

--
-- Indexes for table `device`
--
ALTER TABLE `device`
  ADD PRIMARY KEY (`id_device`);

--
-- Indexes for table `log_barang`
--
ALTER TABLE `log_barang`
  ADD PRIMARY KEY (`id_log_barang`);

--
-- Indexes for table `monitoring`
--
ALTER TABLE `monitoring`
  ADD PRIMARY KEY (`id_monitoring`),
  ADD KEY `id_barang` (`id_barang`);

--
-- Indexes for table `ruangan`
--
ALTER TABLE `ruangan`
  ADD PRIMARY KEY (`id_ruangan`),
  ADD KEY `id_device` (`id_device`);

--
-- Indexes for table `status`
--
ALTER TABLE `status`
  ADD PRIMARY KEY (`id_status`);

--
-- Indexes for table `user`
--
ALTER TABLE `user`
  ADD PRIMARY KEY (`id_user`);

--
-- AUTO_INCREMENT for dumped tables
--

--
-- AUTO_INCREMENT for table `barang`
--
ALTER TABLE `barang`
  MODIFY `id_barang` int(11) NOT NULL AUTO_INCREMENT, AUTO_INCREMENT=9;

--
-- AUTO_INCREMENT for table `device`
--
ALTER TABLE `device`
  MODIFY `id_device` int(11) NOT NULL AUTO_INCREMENT, AUTO_INCREMENT=6;

--
-- AUTO_INCREMENT for table `log_barang`
--
ALTER TABLE `log_barang`
  MODIFY `id_log_barang` int(11) NOT NULL AUTO_INCREMENT, AUTO_INCREMENT=353;

--
-- AUTO_INCREMENT for table `monitoring`
--
ALTER TABLE `monitoring`
  MODIFY `id_monitoring` int(11) NOT NULL AUTO_INCREMENT, AUTO_INCREMENT=3782;

--
-- AUTO_INCREMENT for table `ruangan`
--
ALTER TABLE `ruangan`
  MODIFY `id_ruangan` int(11) NOT NULL AUTO_INCREMENT, AUTO_INCREMENT=6;

--
-- AUTO_INCREMENT for table `status`
--
ALTER TABLE `status`
  MODIFY `id_status` int(5) NOT NULL AUTO_INCREMENT, AUTO_INCREMENT=6;

--
-- AUTO_INCREMENT for table `user`
--
ALTER TABLE `user`
  MODIFY `id_user` int(11) NOT NULL AUTO_INCREMENT, AUTO_INCREMENT=3;

--
-- Constraints for dumped tables
--

--
-- Constraints for table `barang`
--
ALTER TABLE `barang`
  ADD CONSTRAINT `barang_ibfk_2` FOREIGN KEY (`id_status`) REFERENCES `status` (`id_status`) ON DELETE CASCADE ON UPDATE CASCADE,
  ADD CONSTRAINT `barang_ibfk_3` FOREIGN KEY (`id_ruangan`) REFERENCES `ruangan` (`id_ruangan`) ON DELETE CASCADE ON UPDATE CASCADE;

--
-- Constraints for table `monitoring`
--
ALTER TABLE `monitoring`
  ADD CONSTRAINT `monitoring_ibfk_1` FOREIGN KEY (`id_barang`) REFERENCES `barang` (`id_barang`) ON DELETE CASCADE ON UPDATE CASCADE;

--
-- Constraints for table `ruangan`
--
ALTER TABLE `ruangan`
  ADD CONSTRAINT `ruangan_ibfk_1` FOREIGN KEY (`id_device`) REFERENCES `device` (`id_device`) ON DELETE CASCADE;
COMMIT;

/*!40101 SET CHARACTER_SET_CLIENT=@OLD_CHARACTER_SET_CLIENT */;
/*!40101 SET CHARACTER_SET_RESULTS=@OLD_CHARACTER_SET_RESULTS */;
/*!40101 SET COLLATION_CONNECTION=@OLD_COLLATION_CONNECTION */;
